Id	Type	Params[0]	Params[1]	Params[2]	Params[3]	Params[4]	Params[5]	Params[6]	Params[7]	Params[8]	Params[9]	Params[10]	Params[11]	Params[12]
2000	10102	0	86399											
2003	15201	5												
2004	15201	1												
2005	15201	2												
2006	15201	3												
2007	15217	1												
2012	20201	1												
2013	20202	1	4											
2014	11202	100	4											
2015	11202	200	4											
2016	11202	300	4											
2017	13212	1												
2018	29014	1												
2019	28005	1												
2020	25005	3												
2021	35100	1												
2022	29018	1												
3863	28003	50000												
3864	28003	100000												
3865	28001	1												
3866	28001	2												
3900	28003	600000												
3901	28003	800000												
3902	28003	1000000												
3903	28003	1200000												
7100	15201	1	10010201											
7101	12201	1	0	-1	-1	-1	0	20						
7102	13102	3	0	15										
7103	12201	2	0	-1	-1	5	1	30						
7104	15202	5	20											
7105	15221	1												
7107	15220	30110003												
7200	15226	4	1	25	57									
7201	12201	6	0	-1	-1	5	1	30						
7202	13102	3	0	30										
7203	15201	1	13010116											
7204	15201	1	30070102											
7205	27000	10	1											
7300	15227	6	1	25	57									
7301	15202	6	11											
7302	15202	1	12											
7303	13105	1	2											
7304	44002	1												
7305	15201	3	30090802											
7400	15201	1	30000104	30000204	30000304	30000404	30000504	30000604	30000704	30000804	30000904	30001004	30001204	
7401	10101	40												
7402	15201	1	30090802											
7403	13102	4	0	0	6									
7404	29007	1												
7500	15201	1	30070104											
7501	12201	1	-1	-1	-1	0	3	40						
7502	10101	45												
7503	13102	3	1	45										
7600	15226	6	1	25	57									
7601	15201	1	30070106											
7602	15201	1	13010415											
7603	13102	1	1	1	1	2500								
7700	10202	7												
7701	10101	50												
7702	13102	4	0	0	8									
8001	15101	30064002												
8002	15101	30064003												
8003	15101	30064004												
8004	15101	30064001												
8005	13102	1	1	2										
8006	12201	1	0	-1	-1	0	0	2						
8007	10101	7												
8008	15227	2	1	25	57									
8009	27000	1	1											
8010	15225	10010304												
8011	10101	20												
8012	15202	1	1	25	57	87								
8013	15225	30064002												
8014	13102	3	1	15										
8015	89001	2												
8016	15202	3	1	25	57	87								
8017	12211	1	1021005	103										
8018	12201	1	2346001	-1	0	0	0	30						
8019	29004	1												
8020	35002	1												
8021	15210	2	1021005	12										
8022	15226	5	1	25	57									
8023	13214	18	102531	102528	102529	102530								
8024	15225	30064001												
8025	15225	30070105												
8026	89001	6												
8027	25007	3	0	0	0	1021005								
8028	15226	7	1	25	57									
8029	10101	60												
8030	10202	2												
8031	13101	1021005	1	1	1	6000	1							
8032	15225	12020303												
8033	15202	2	39											
8034	15226	8	1	25	57									
8035	10101	70												
8036	13107	4	1021005											
8037	15225	30070110												
8038	89001	9												
8039	15225	14010434												
8040	10101	80												
8041	13107	5	1021005											
8042	103002	3												
8043	89001	10												
8044	15225	14020834												
30001	25005	1												
30002	25005	2												
30003	25005	3												
30004	25005	4												
30005	25005	5												
30006	25005	6												
30007	25005	7												
30008	25005	8												
30009	25005	9												
30010	25005	10												
30011	25006	200000	0											
30012	25006	400000	0											
30013	28005	1												
30014	28005	2												
30015	28005	3												
30016	28005	4												
30017	28005	5												
30018	28005	6												
30019	28006	100000												
30020	28005	7												
30021	28005	8												
30022	28005	9												
30023	28005	10												
30024	28005	11												
30025	28005	12												
30026	28006	200000												
50000	15201	1	10010102											
50001	15201	1	10010104											
50002	15201	1	10010202											
50003	15201	1	10010204											
50004	15201	1	10010302											
50005	10202	1												
50006	10202	2												
50007	10202	3												
50008	10202	4												
50009	10202	5												
50010	10202	6												
50011	10202	7												
50012	10202	8												
50013	10202	9												
50014	10202	10												
50015	10202	11												
50016	10202	12												
50017	10202	13												
50018	10202	14												
50019	10202	15												
50020	10101	10												
50021	10101	20												
50022	10101	30												
50023	10101	35												
50024	10101	40												
50025	10101	45												
50026	10101	50												
50027	10101	55												
50028	10101	60												
50029	10101	65												
50030	10101	70												
50031	10101	75												
50032	10101	80												
50033	10101	85												
50034	10101	90												
50035	10101	95												
50036	10101	100												
50037	10101	105												
50038	10101	110												
50039	10101	115												
50040	10101	120												
50041	10101	61												
50042	10101	61												
50043	13102	1	3	1	1									
50044	15220	30070105												
50045	15220	30070110												
50046	11202	500	4											
50047	11202	800	4											
50048	11202	1200	4											
50049	11202	1600	4											
50050	11202	2000	4											
50051	11202	3000	4											
50052	11202	4000	4											
50053	11202	5000	4											
50054	11202	6000	4											
50055	11202	7000	4											
50056	11202	8000	4											
50057	11202	9000	4											
50058	11202	10000	4											
50059	13102	1	1	10	1									
50060	13102	1	1	20	1									
50061	13102	2	1	20	1									
50062	13102	2	1	30	1									
50063	13102	2	1	40	1									
50064	13102	3	1	40	1									
50065	13102	3	1	50	1									
50066	13102	3	1	60	1									
50067	13102	3	1	70	1									
50068	13102	3	1	80	1									
50069	15207	36	10010101	10010102	10010103	10010104	10010201	10010202	10010203	10010204	10010301	10010302	10010303	10010304
50070	15207	36	10020101	10020102	10020103	10020104	10020201	10020202	10020203	10020204	10020301	10020302	10020303	10020304
50071	15207	18	11010101	11010102	11010103	11010104	11010105	11010106						
50072	15207	36	10030101	10030102	10030103	10030104	10030201	10030202	10030203	10030204	10030301	10030302	10030303	10030304
50073	15207	18	11020101	11020102	11020103	11020104	11020105	11020106						
50074	15207	36	10040101	10040102	10040103	10040104	10040201	10040202	10040203	10040204	10040301	10040302	10040303	10040304
50075	15207	18	11030101	11030102	11030103	11030104	11030105	11030106						
50076	15207	36	10050101	10050102	10050103	10050104	10050201	10050202	10050203	10050204	10050301	10050302	10050303	10050304
50077	15207	18	11040101	11040102	11040103	11040104	11040105	11040106						
50078	15207	36	10060101	10060102	10060103	10060104	10060201	10060202	10060203	10060204	10060301	10060302	10060303	10060304
50079	15207	18	11050101	11050102	11050103	11050104	11050105	11050106						
50080	12209													
50081	15201	1	30130216											
50082	10101	80												
15001	40000	1	1											
15002	40000	2	1											
39008	10101	52												
78020	82001	1	1											
78021	82001	1	2											
78022	82001	1	3											
78023	82001	1	4											
78024	82001	1	5											
78025	82001	1	6											
78026	82001	1	7											
78027	82001	1	8											
78028	82002	6000												
78029	82002	30000												
78030	82002	50000												
49000	10101	80												
49001	10101	52												
85951	103000	1	30162813	30162855										
85965	103000	1	30162813											
86023	103000	1	30162840	30162882										
86024	103000	1	30162841	30162883										
86025	103000	1	30162828											
86026	103000	1	30162829											
86027	103000	1	30162830											
86028	103000	1	30162831											
86029	103000	1	30162832											
86030	103000	1	30162833											
86031	103000	1	30162834											
86032	103000	1	30162835											
86033	103000	1	30162836											
86034	103000	1	30162837											
86035	103000	1	30162838											
86036	103000	1	30162839											
86037	103000	1	30162840											
86038	103000	1	30162841											
86052	103000	1	30163013	30163027										
86053	103000	1	30163014											
86054	103000	1	30163015											
86055	103000	1	30163016											
86056	103000	1	30163017											
86057	103000	1	30163018											
86058	103000	1	30163019											
86059	103000	1	30163020											
86060	103000	1	30163021											
86061	103000	1	30163022											
86062	103000	1	30163023											
86063	103000	1	30163024											
86064	103000	1	30163025											
86065	103000	1	30163026											
86066	103000	1	30163027											
86078	103000	1	30163039	30163053										
86079	103000	1	30163040	30163054										
86080	103000	1	30163041	30163055										
86092	103000	1	30163053											
86093	103000	1	30163054											
86094	103000	1	30163055											
86214	103000	1	30163069	30163083										
86228	103000	1	30163083											
86326	103000	1	30165247	30165261										
86340	103000	1	30165261											
86513	103003	1												
86514	103003	2												
86515	103003	3												
86516	103002	14												
97625	82001	1	1											
97626	82001	1	8											
97627	82001	1	2											
97628	82001	1	3											
97629	82001	1	4											
97630	82001	1	5											
97631	82001	1	6											
97632	82001	1	7											
97633	82002	15000												
97634	82002	30000												
97635	82002	45000												
97645	82002	30000												
97646	82002	45000												
90933	82002	80000												
92911	82002	60000												
92912	82002	120000												
92913	82002	200000												
120446	11202	300	4											
2120001	45000	1	10											
140120	136009	1	2											
140121	136009	1	3											
140122	136009	1	4											
140123	136001	3	45000											
7801	15227	15	1	25	57
7802	15227	18	1	25	57
7803	15202	3	17	36	94
7804	27000	10	1
7805	15202	2	20
7806	13102	3	1	15
7807	12201	3	0	-1	-1	0	1	30
7808	15220	30110003
7811	15226	3	1	25	57
7812	15202	5	20
7813	15227	26	1	25	57
7814	15220	30070102
7815	27000	20	1
7816	13213	16	3
7817	13102	3	0	0	4
7818	12201	2	0	-1	0	0	2	35
7819	89001	3
7821	15226	4	1	25	57
7822	15220	13010116
7823	15202	1	12
7824	44002	1
7825	13105	1	2
7826	10101	35
7827	13102	3	1	35
7828	12201	10	0	0	-1	0	2	35
7831	15226	5	1	25	57
7832	48003	4	80
7833	15220	13010216
7834	35002	1
7835	10101	40
7836	12201	3	0	-1	0	0	4	45
7837	13213	24	8
7838	15220	30110012
7841	15226	6	1	25	57
7842	15202	2	12
7843	25005	4
7844	12208	
7845	10101	45
7846	12201	18	0	0	-1	0	2	35
7847	13102	4	0	0	7
7848	15220	30070105
7851	15227	6	1	25	57
7852	44001	20
7853	25005	8
7854	11203	13	100
7855	13102	5	1	50
7856	13213	30	10
7857	12201	4	0	-1	0	0	4	45
7858	15220	30110015
7861	15226	7	1	25	57
7862	10202	7
7863	10101	55
7864	13102	5	0	0	9
7865	12201	24	0	0	-1	0	2	35
7866	13213	40	11
7867	89001	6
7868	15220	30070107
3000	15202	30	1											
3001	15202	50	1											
3002	15202	80	1											
3003	15202	100	1											
3020	15211	50	2	20										
3021	15211	100	2	20										
3022	15211	200	2	20										
3023	15211	300	2	20										
3030	15202	10	6											
3031	15202	30	6											
3032	15202	50	6											
3033	15202	100	6											
3040	15202	10	5											
3041	15202	30	5											
3042	15202	50	5											
3043	15202	100	5											
3050	15202	50	12											
3051	15202	100	12											
3052	15202	200	12											
3053	15202	300	12											
3130	13102	1	4	1	1									
3131	13102	3	4	1	1									
3132	13102	5	4	1	1									
3133	13102	7	4	1	1									
3134	13102	9	4	1	1									
3135	13102	12	4	1	1									
3136	13102	15	4	1	1									
3140	13102	1	5	1	1									
3141	13102	3	5	1	1									
3142	13102	5	5	1	1									
3143	13102	7	5	1	1									
3144	13102	9	5	1	1									
3145	13102	12	5	1	1									
3146	13102	15	5	1	1									
3150	19002	2	2											
3151	19002	5	2											
3152	19002	10	2											
3153	19002	20	2											
3170	12201	2	0	-1	0	5	0	1						
3171	12201	4	0	-1	0	5	0	1						
3172	12201	6	0	-1	0	5	0	1						
3173	12201	8	0	-1	0	5	0	1						
3174	12201	10	0	-1	0	5	0	1						
3180	12201	6	0	0	-1	5	0	1						
3181	12201	12	0	0	-1	5	0	1						
3182	12201	18	0	0	-1	5	0	1						
3183	12201	24	0	0	-1	5	0	1						
3184	12201	30	0	0	-1	5	0	1						
3190	12201	1	0	-1	0	6	0	1						
3191	12201	2	0	-1	0	6	0	1						
3192	12201	3	0	-1	0	6	0	1						
3193	12201	4	0	-1	0	6	0	1						
3194	12201	5	0	-1	0	6	0	1						
3195	12201	6	0	-1	0	6	0	1						
3196	12201	7	0	-1	0	6	0	1						
3197	12201	8	0	-1	0	6	0	1						
3198	12201	9	0	-1	0	6	0	1						
3199	12201	10	0	-1	0	6	0	1						
3200	12201	12	0	-1	0	6	0	1						
3210	12201	2	0	0	-1	6	0	1						
3211	12201	4	0	0	-1	6	0	1						
3212	12201	6	0	0	-1	6	0	1						
3213	12201	8	0	0	-1	6	0	1						
3214	12201	10	0	0	-1	6	0	1						
3215	12201	14	0	0	-1	6	0	1						
3216	12201	18	0	0	-1	6	0	1						
3217	12201	22	0	0	-1	6	0	1						
3218	12201	26	0	0	-1	6	0	1						
3219	12201	30	0	0	-1	6	0	1						
3220	12201	36	0	0	-1	6	0	1						
3230	11201	1000000	1											
3231	11201	3000000	1											
3232	11201	5000000	1											
3233	11201	10000000	1											
3234	11201	15000000	1											
3235	11201	20000000	1											
3236	11201	30000000	1											
3237	11201	50000000	1											
3238	11201	70000000	1											
3239	11201	99999999	1											
3300	13101	1011002	2	10	1									
3301	13101	1011002	2	20	1									
3302	13101	1011002	2	30	1									
3303	13101	1011002	2	40	1									
3304	13101	1011002	2	50	1									
3305	13101	1011002	2	60	1									
3306	13101	1011002	2	70	1									
3307	13101	1011002	2	80	1									
3310	13101	1021001	1	10	1									
3311	13101	1021001	1	20	1									
3312	13101	1021001	1	30	1									
3313	13101	1021001	1	40	1									
3314	13101	1021001	1	50	1									
3315	13101	1021001	1	60	1									
3316	13101	1021001	1	70	1									
3317	13101	1021001	1	80	1									
3320	13101	1031001	1	10	1									
3321	13101	1031001	1	20	1									
3322	13101	1031001	1	30	1									
3323	13101	1031001	1	40	1									
3324	13101	1031001	1	50	1									
3325	13101	1031001	1	60	1									
3326	13101	1031001	1	70	1									
3327	13101	1031001	1	80	1									
3330	13101	1041002	2	10	1									
3331	13101	1041002	2	20	1									
3332	13101	1041002	2	30	1									
3333	13101	1041002	2	40	1									
3334	13101	1041002	2	50	1									
3335	13101	1041002	2	60	1									
3336	13101	1041002	2	70	1									
3337	13101	1041002	2	80	1									
3340	13101	1051001	1	10	1									
3341	13101	1051001	1	20	1									
3342	13101	1051001	1	30	1									
3343	13101	1051001	1	40	1									
3344	13101	1051001	1	50	1									
3345	13101	1051001	1	60	1									
3346	13101	1051001	1	70	1									
3347	13101	1051001	1	80	1									
3350	13101	1061002	2	10	1									
3351	13101	1061002	2	20	1									
3352	13101	1061002	2	30	1									
3353	13101	1061002	2	40	1									
3354	13101	1061002	2	50	1									
3355	13101	1061002	2	60	1									
3356	13101	1061002	2	70	1									
3357	13101	1061002	2	80	1									
3360	13101	1071002	2	10	1									
3361	13101	1071002	2	20	1									
3362	13101	1071002	2	30	1									
3363	13101	1071002	2	40	1									
3364	13101	1071002	2	50	1									
3365	13101	1071002	2	60	1									
3366	13101	1071002	2	70	1									
3367	13101	1071002	2	80	1									
3370	13101	1081002	2	10	1									
3371	13101	1081002	2	20	1									
3372	13101	1081002	2	30	1									
3373	13101	1081002	2	40	1									
3374	13101	1081002	2	50	1									
3375	13101	1081002	2	60	1									
3376	13101	1081002	2	70	1									
3377	13101	1081002	2	80	1									
3380	13101	1021002	2	10	1									
3381	13101	1021002	2	20	1									
3382	13101	1021002	2	30	1									
3383	13101	1021002	2	40	1									
3384	13101	1021002	2	50	1									
3385	13101	1021002	2	60	1									
3386	13101	1021002	2	70	1									
3387	13101	1021002	2	80	1									
3390	13101	1031002	2	10	1									
3391	13101	1031002	2	20	1									
3392	13101	1031002	2	30	1									
3393	13101	1031002	2	40	1									
3394	13101	1031002	2	50	1									
3395	13101	1031002	2	60	1									
3396	13101	1031002	2	70	1									
3397	13101	1031002	2	80	1									
3400	13101	1031003	3	10	1									
3401	13101	1031003	3	20	1									
3402	13101	1031003	3	30	1									
3403	13101	1031003	3	40	1									
3404	13101	1031003	3	50	1									
3405	13101	1031003	3	60	1									
3406	13101	1031003	3	70	1									
3407	13101	1031003	3	80	1									
3410	13101	1061003	3	10	1									
3411	13101	1061003	3	20	1									
3412	13101	1061003	3	30	1									
3413	13101	1061003	3	40	1									
3414	13101	1061003	3	50	1									
3415	13101	1061003	3	60	1									
3416	13101	1061003	3	70	1									
3417	13101	1061003	3	80	1									
3420	13101	1011003	3	10	1									
3421	13101	1011003	3	20	1									
3422	13101	1011003	3	30	1									
3423	13101	1011003	3	40	1									
3424	13101	1011003	3	50	1									
3425	13101	1011003	3	60	1									
3426	13101	1011003	3	70	1									
3427	13101	1011003	3	80	1									
3430	13101	1071003	3	10	1									
3431	13101	1071003	3	20	1									
3432	13101	1071003	3	30	1									
3433	13101	1071003	3	40	1									
3434	13101	1071003	3	50	1									
3435	13101	1071003	3	60	1									
3436	13101	1071003	3	70	1									
3437	13101	1071003	3	80	1									
3440	13101	1051003	3	10	1									
3441	13101	1051003	3	20	1									
3442	13101	1051003	3	30	1									
3443	13101	1051003	3	40	1									
3444	13101	1051003	3	50	1									
3445	13101	1051003	3	60	1									
3446	13101	1051003	3	70	1									
3447	13101	1051003	3	80	1									
3450	13101	1021003	3	10	1									
3451	13101	1021003	3	20	1									
3452	13101	1021003	3	30	1									
3453	13101	1021003	3	40	1									
3454	13101	1021003	3	50	1									
3455	13101	1021003	3	60	1									
3456	13101	1021003	3	70	1									
3457	13101	1021003	3	80	1									
3460	13101	1081003	2	10	1									
3461	13101	1081003	2	20	1									
3462	13101	1081003	2	30	1									
3463	13101	1081003	2	40	1									
3464	13101	1081003	2	50	1									
3465	13101	1081003	2	60	1									
3466	13101	1081003	2	70	1									
3467	13101	1081003	2	80	1									
3468	44000	1												
3469	44000	3												
3470	44000	5												
3471	44000	7												
3670	13101	1091002	2	10	1									
3671	13101	1091002	2	20	1									
3672	13101	1091002	2	30	1									
3673	13101	1091002	2	40	1									
3674	13101	1091002	2	50	1									
3675	13101	1091002	2	60	1									
3676	13101	1091002	2	70	1									
3677	13101	1091002	2	80	1									
4000	13101	1041003	2	10	1									
4001	13101	1041003	2	20	1									
4002	13101	1041003	2	30	1									
4003	13101	1041003	2	40	1									
4004	13101	1041003	2	50	1									
4005	13101	1041003	2	60	1									
4006	13101	1041003	2	70	1									
4007	13101	1041003	2	80	1									
4008	13101	1111002	2	10	1									
4009	13101	1111002	2	20	1									
4010	13101	1111002	2	30	1									
4011	13101	1111002	2	40	1									
4012	13101	1111002	2	50	1									
4013	13101	1111002	2	60	1									
4014	13101	1111002	2	70	1									
4015	13101	1111002	2	80	1									
4016	13101	1121002	2	10	1									
4017	13101	1121002	2	20	1									
4018	13101	1121002	2	30	1									
4019	13101	1121002	2	40	1									
4020	13101	1121002	2	50	1									
4021	13101	1121002	2	60	1									
4022	13101	1121002	2	70	1									
4023	13101	1121002	2	80	1									
4024	13101	1021004	2	10	1									
4025	13101	1021004	2	20	1									
4026	13101	1021004	2	30	1									
4027	13101	1021004	2	40	1									
4028	13101	1021004	2	50	1									
4029	13101	1021004	2	60	1									
4030	13101	1021004	2	70	1									
4031	13101	1021004	2	80	1									
4032	13101	1131002	2	10	1									
4033	13101	1131002	2	20	1									
4034	13101	1131002	2	30	1									
4035	13101	1131002	2	40	1									
4036	13101	1131002	2	50	1									
4037	13101	1131002	2	60	1									
4038	13101	1131002	2	70	1									
4039	13101	1131002	2	80	1									
4040	13101	1511003	2	10	1									
4041	13101	1511003	2	20	1									
4042	13101	1511003	2	30	1									
4043	13101	1511003	2	40	1									
4044	13101	1511003	2	50	1									
4045	13101	1511003	2	60	1									
4046	13101	1511003	2	70	1									
4047	13101	1511003	2	80	1									
4048	13101	1141003	2	10	1									
4049	13101	1141003	2	20	1									
4050	13101	1141003	2	30	1									
4051	13101	1141003	2	40	1									
4052	13101	1141003	2	50	1									
4053	13101	1141003	2	60	1									
4054	13101	1141003	2	70	1									
4055	13101	1141003	2	80	1									
4056	13101	1521003	2	10	1									
4057	13101	1521003	2	20	1									
4058	13101	1521003	2	30	1									
4059	13101	1521003	2	40	1									
4060	13101	1521003	2	50	1									
4061	13101	1521003	2	60	1									
4062	13101	1521003	2	70	1									
4063	13101	1521003	2	80	1									
4064	13101	1161002	2	10	1									
4065	13101	1161002	2	20	1									
4066	13101	1161002	2	30	1									
4067	13101	1161002	2	40	1									
4068	13101	1161002	2	50	1									
4069	13101	1161002	2	60	1									
4070	13101	1161002	2	70	1									
4071	13101	1161002	2	80	1									
4072	13101	1171003	2	10	1									
4073	13101	1171003	2	20	1									
4074	13101	1171003	2	30	1									
4075	13101	1171003	2	40	1									
4076	13101	1171003	2	50	1									
4077	13101	1171003	2	60	1									
4078	13101	1171003	2	70	1									
4079	13101	1171003	2	80	1									
4080	13101	1181003	2	10	1									
4081	13101	1181003	2	20	1									
4082	13101	1181003	2	30	1									
4083	13101	1181003	2	40	1									
4084	13101	1181003	2	50	1									
4085	13101	1181003	2	60	1									
4086	13101	1181003	2	70	1									
4087	13101	1181003	2	80	1									
4088	13101	1191003	2	10	1									
4089	13101	1191003	2	20	1									
4090	13101	1191003	2	30	1									
4091	13101	1191003	2	40	1									
4092	13101	1191003	2	50	1									
4093	13101	1191003	2	60	1									
4094	13101	1191003	2	70	1									
4095	13101	1191003	2	80	1									
4096	13101	1201003	2	10	1									
4097	13101	1201003	2	20	1									
4098	13101	1201003	2	30	1									
4099	13101	1201003	2	40	1									
4100	13101	1201003	2	50	1									
4101	13101	1201003	2	60	1									
4102	13101	1201003	2	70	1									
4103	13101	1201003	2	80	1									
4104	13101	1211002	2	10	1									
4105	13101	1211002	2	20	1									
4106	13101	1211002	2	30	1									
4107	13101	1211002	2	40	1									
4108	13101	1211002	2	50	1									
4109	13101	1211002	2	60	1									
4110	13101	1211002	2	70	1									
4111	13101	1211002	2	80	1									
4112	13101	1531003	2	10	1									
4113	13101	1531003	2	20	1									
4114	13101	1531003	2	30	1									
4115	13101	1531003	2	40	1									
4116	13101	1531003	2	50	1									
4117	13101	1531003	2	60	1									
4118	13101	1531003	2	70	1									
4119	13101	1531003	2	80	1									
4120	13101	1121003	2	10	1									
4121	13101	1121003	2	20	1									
4122	13101	1121003	2	30	1									
4123	13101	1121003	2	40	1									
4124	13101	1121003	2	50	1									
4125	13101	1121003	2	60	1									
4126	13101	1121003	2	70	1									
4127	13101	1121003	2	80	1									
4128	13101	1221002	2	10	1									
4129	13101	1221002	2	20	1									
4130	13101	1221002	2	30	1									
4131	13101	1221002	2	40	1									
4132	13101	1221002	2	50	1									
4133	13101	1221002	2	60	1									
4134	13101	1221002	2	70	1									
4135	13101	1221002	2	80	1									
4136	13101	1131003	2	10	1									
4137	13101	1131003	2	20	1									
4138	13101	1131003	2	30	1									
4139	13101	1131003	2	40	1									
4140	13101	1131003	2	50	1									
4141	13101	1131003	2	60	1									
4142	13101	1131003	2	70	1									
4143	13101	1131003	2	80	1									
4144	13101	1541003	2	10	1									
4145	13101	1541003	2	20	1									
4146	13101	1541003	2	30	1									
4147	13101	1541003	2	40	1									
4148	13101	1541003	2	50	1									
4149	13101	1541003	2	60	1									
4150	13101	1541003	2	70	1									
4151	13101	1541003	2	80	1									
4152	13101	1031004	2	10	1									
4153	13101	1031004	2	20	1									
4154	13101	1031004	2	30	1									
4155	13101	1031004	2	40	1									
4156	13101	1031004	2	50	1									
4157	13101	1031004	2	60	1									
4158	13101	1031004	2	70	1									
4159	13101	1031004	2	80	1									
4160	13101	1531004	2	10	1									
4161	13101	1531004	2	20	1									
4162	13101	1531004	2	30	1									
4163	13101	1531004	2	40	1									
4164	13101	1531004	2	50	1									
4165	13101	1531004	2	60	1									
4166	13101	1531004	2	70	1									
4167	13101	1531004	2	80	1									
4168	13101	1551003	2	10	1									
4169	13101	1551003	2	20	1									
4170	13101	1551003	2	30	1									
4171	13101	1551003	2	40	1									
4172	13101	1551003	2	50	1									
4173	13101	1551003	2	60	1									
4174	13101	1551003	2	70	1									
4175	13101	1551003	2	80	1									
4176	13101	1051004	2	10	1									
4177	13101	1051004	2	20	1									
4178	13101	1051004	2	30	1									
4179	13101	1051004	2	40	1									
4180	13101	1051004	2	50	1									
4181	13101	1051004	2	60	1									
4182	13101	1051004	2	70	1									
4183	13101	1051004	2	80	1									
4184	13101	1561003	2	10	1									
4185	13101	1561003	2	20	1									
4186	13101	1561003	2	30	1									
4187	13101	1561003	2	40	1									
4188	13101	1561003	2	50	1									
4189	13101	1561003	2	60	1									
4190	13101	1561003	2	70	1									
4191	13101	1561003	2	80	1									
4192	13101	1071004	2	10	1									
4193	13101	1071004	2	20	1									
4194	13101	1071004	2	30	1									
4195	13101	1071004	2	40	1									
4196	13101	1071004	2	50	1									
4197	13101	1071004	2	60	1									
4198	13101	1071004	2	70	1									
4199	13101	1071004	2	80	1									
4200	13101	1571003	2	10	1									
4201	13101	1571003	2	20	1									
4202	13101	1571003	2	30	1									
4203	13101	1571003	2	40	1									
4204	13101	1571003	2	50	1									
4205	13101	1571003	2	60	1									
4206	13101	1571003	2	70	1									
4207	13101	1571003	2	80	1									
4208	13101	1041004	2	10	1									
4209	13101	1041004	2	20	1									
4210	13101	1041004	2	30	1									
4211	13101	1041004	2	40	1									
4212	13101	1041004	2	50	1									
4213	13101	1041004	2	60	1									
4214	13101	1041004	2	70	1									
4215	13101	1041004	2	80	1									
4216	13101	1231002	2	10	1									
4217	13101	1231002	2	20	1									
4218	13101	1231002	2	30	1									
4219	13101	1231002	2	40	1									
4220	13101	1231002	2	50	1									
4221	13101	1231002	2	60	1									
4222	13101	1231002	2	70	1									
4223	13101	1231002	2	80	1									
4224	13101	1011004	2	10	1									
4225	13101	1011004	2	20	1									
4226	13101	1011004	2	30	1									
4227	13101	1011004	2	40	1									
4228	13101	1011004	2	50	1									
4229	13101	1011004	2	60	1									
4230	13101	1011004	2	70	1									
4231	13101	1011004	2	80	1									
4232	13101	1091003	2	10	1									
4233	13101	1091003	2	20	1									
4234	13101	1091003	2	30	1									
4235	13101	1091003	2	40	1									
4236	13101	1091003	2	50	1									
4237	13101	1091003	2	60	1									
4238	13101	1091003	2	70	1									
4239	13101	1091003	2	80	1									
4240	13101	1021005	2	10	1									
4241	13101	1021005	2	20	1									
4242	13101	1021005	2	30	1									
4243	13101	1021005	2	40	1									
4244	13101	1021005	2	50	1									
4245	13101	1021005	2	60	1									
4246	13101	1021005	2	70	1									
4247	13101	1021005	2	80	1									
4248	13101	1241002	2	10	1									
4249	13101	1241002	2	20	1									
4250	13101	1241002	2	30	1									
4251	13101	1241002	2	40	1									
4252	13101	1241002	2	50	1									
4253	13101	1241002	2	60	1									
4254	13101	1241002	2	70	1									
4255	13101	1241002	2	80	1									
4256	13101	1221003	2	10	1									
4257	13101	1221003	2	20	1									
4258	13101	1221003	2	30	1									
4259	13101	1221003	2	40	1									
4260	13101	1221003	2	50	1									
4261	13101	1221003	2	60	1									
4262	13101	1221003	2	70	1									
4263	13101	1221003	2	80	1									
4264	13101	1251002	2	10	1									
4265	13101	1251002	2	20	1									
4266	13101	1251002	2	30	1									
4267	13101	1251002	2	40	1									
4268	13101	1251002	2	50	1									
4269	13101	1251002	2	60	1									
4270	13101	1251002	2	70	1									
4271	13101	1251002	2	80	1									
4272	13101	1261003	2	10	1									
4273	13101	1261003	2	20	1									
4274	13101	1261003	2	30	1									
4275	13101	1261003	2	40	1									
4276	13101	1261003	2	50	1									
4277	13101	1261003	2	60	1									
4278	13101	1261003	2	70	1									
4279	13101	1261003	2	80	1									
4280	13101	1271003	2	10	1									
4281	13101	1271003	2	20	1									
4282	13101	1271003	2	30	1									
4283	13101	1271003	2	40	1									
4284	13101	1271003	2	50	1									
4285	13101	1271003	2	60	1									
4286	13101	1271003	2	70	1									
4287	13101	1271003	2	80	1									
4288	13101	1281002	2	10	1									
4289	13101	1281002	2	20	1									
4290	13101	1281002	2	30	1									
4291	13101	1281002	2	40	1									
4292	13101	1281002	2	50	1									
4293	13101	1281002	2	60	1									
4294	13101	1281002	2	70	1									
4295	13101	1281002	2	80	1									
4296	13101	1081004	2	10	1									
4297	13101	1081004	2	20	1									
4298	13101	1081004	2	30	1									
4299	13101	1081004	2	40	1									
4300	13101	1081004	2	50	1									
4301	13101	1081004	2	60	1									
4302	13101	1081004	2	70	1									
4303	13101	1081004	2	80	1									
4304	13101	1521004	2	10	1									
4305	13101	1521004	2	20	1									
4306	13101	1521004	2	30	1									
4307	13101	1521004	2	40	1									
4308	13101	1521004	2	50	1									
4309	13101	1521004	2	60	1									
4310	13101	1521004	2	70	1									
4311	13101	1521004	2	80	1									
4312	13101	1291002	2	10	1									
4313	13101	1291002	2	20	1									
4314	13101	1291002	2	30	1									
4315	13101	1291002	2	40	1									
4316	13101	1291002	2	50	1									
4317	13101	1291002	2	60	1									
4318	13101	1291002	2	70	1									
4319	13101	1291002	2	80	1									
4320	13101	1171004	2	10	1									
4321	13101	1171004	2	20	1									
4322	13101	1171004	2	30	1									
4323	13101	1171004	2	40	1									
4324	13101	1171004	2	50	1									
4325	13101	1171004	2	60	1									
4326	13101	1171004	2	70	1									
4327	13101	1171004	2	80	1									
4328	13101	1301002	2	10	1									
4329	13101	1301002	2	20	1									
4330	13101	1301002	2	30	1									
4331	13101	1301002	2	40	1									
4332	13101	1301002	2	50	1									
4333	13101	1301002	2	60	1									
4334	13101	1301002	2	70	1									
4335	13101	1301002	2	80	1									
4336	13101	1241003	2	10	1									
4337	13101	1241003	2	20	1									
4338	13101	1241003	2	30	1									
4339	13101	1241003	2	40	1									
4340	13101	1241003	2	50	1									
4341	13101	1241003	2	60	1									
4342	13101	1241003	2	70	1									
4343	13101	1241003	2	80	1									
4344	13101	1211003	2	10	1									
4345	13101	1211003	2	20	1									
4346	13101	1211003	2	30	1									
4347	13101	1211003	2	40	1									
4348	13101	1211003	2	50	1									
4349	13101	1211003	2	60	1									
4350	13101	1211003	2	70	1									
4351	13101	1211003	2	80	1									
4352	13101	1021006	2	10	1									
4353	13101	1021006	2	20	1									
4354	13101	1021006	2	30	1									
4355	13101	1021006	2	40	1									
4356	13101	1021006	2	50	1									
4357	13101	1021006	2	60	1									
4358	13101	1021006	2	70	1									
4359	13101	1021006	2	80	1									
4360	13101	1311002	2	10	1									
4361	13101	1311002	2	20	1									
4362	13101	1311002	2	30	1									
4363	13101	1311002	2	40	1									
4364	13101	1311002	2	50	1									
4365	13101	1311002	2	60	1									
4366	13101	1311002	2	70	1									
4367	13101	1311002	2	80	1									
4368	13101	1051005	2	10	1									
4369	13101	1051005	2	20	1									
4370	13101	1051005	2	30	1									
4371	13101	1051005	2	40	1									
4372	13101	1051005	2	50	1									
4373	13101	1051005	2	60	1									
4374	13101	1051005	2	70	1									
4375	13101	1051005	2	80	1									
4376	13101	1321003	2	10	1									
4377	13101	1321003	2	20	1									
4378	13101	1321003	2	30	1									
4379	13101	1321003	2	40	1									
4380	13101	1321003	2	50	1									
4381	13101	1321003	2	60	1									
4382	13101	1321003	2	70	1									
4383	13101	1321003	2	80	1									
4384	13101	1331003	2	10	1									
4385	13101	1331003	2	20	1									
4386	13101	1331003	2	30	1									
4387	13101	1331003	2	40	1									
4388	13101	1331003	2	50	1									
4389	13101	1331003	2	60	1									
4390	13101	1331003	2	70	1									
4391	13101	1331003	2	80	1									
4392	13101	1531005	2	10	1									
4393	13101	1531005	2	20	1									
4394	13101	1531005	2	30	1									
4395	13101	1531005	2	40	1									
4396	13101	1531005	2	50	1									
4397	13101	1531005	2	60	1									
4398	13101	1531005	2	70	1									
4399	13101	1531005	2	80	1									
4400	13101	1341002	2	10	1									
4401	13101	1341002	2	20	1									
4402	13101	1341002	2	30	1									
4403	13101	1341002	2	40	1									
4404	13101	1341002	2	50	1									
4405	13101	1341002	2	60	1									
4406	13101	1341002	2	70	1									
4407	13101	1341002	2	80	1									
4408	13101	1131004	2	10	1									
4409	13101	1131004	2	20	1									
4410	13101	1131004	2	30	1									
4411	13101	1131004	2	40	1									
4412	13101	1131004	2	50	1									
4413	13101	1131004	2	60	1									
4414	13101	1131004	2	70	1									
4415	13101	1131004	2	80	1									
4416	13101	1351003	2	10	1									
4417	13101	1351003	2	20	1									
4418	13101	1351003	2	30	1									
4419	13101	1351003	2	40	1									
4420	13101	1351003	2	50	1									
4421	13101	1351003	2	60	1									
4422	13101	1351003	2	70	1									
4423	13101	1351003	2	80	1									
4424	13101	1361003	2	10	1									
4425	13101	1361003	2	20	1									
4426	13101	1361003	2	30	1									
4427	13101	1361003	2	40	1									
4428	13101	1361003	2	50	1									
4429	13101	1361003	2	60	1									
4430	13101	1361003	2	70	1									
4431	13101	1361003	2	80	1									
4432	13101	1041005	2	10	1									
4433	13101	1041005	2	20	1									
4434	13101	1041005	2	30	1									
4435	13101	1041005	2	40	1									
4436	13101	1041005	2	50	1									
4437	13101	1041005	2	60	1									
4438	13101	1041005	2	70	1									
4439	13101	1041005	2	80	1									
4440	13101	1371002	2	10	1									
4441	13101	1371002	2	20	1									
4442	13101	1371002	2	30	1									
4443	13101	1371002	2	40	1									
4444	13101	1371002	2	50	1									
4445	13101	1371002	2	60	1									
4446	13101	1371002	2	70	1									
4447	13101	1371002	2	80	1									
4448	13101	1381003	2	10	1									
4449	13101	1381003	2	20	1									
4450	13101	1381003	2	30	1									
4451	13101	1381003	2	40	1									
4452	13101	1381003	2	50	1									
4453	13101	1381003	2	60	1									
4454	13101	1381003	2	70	1									
4455	13101	1381003	2	80	1									
4456	13101	1031005	2	10	1									
4457	13101	1031005	2	20	1									
4458	13101	1031005	2	30	1									
4459	13101	1031005	2	40	1									
4460	13101	1031005	2	50	1									
4461	13101	1031005	2	60	1									
4462	13101	1031005	2	70	1									
4463	13101	1031005	2	80	1									
4464	13101	1291003	2	10	1									
4465	13101	1291003	2	20	1									
4466	13101	1291003	2	30	1									
4467	13101	1291003	2	40	1									
4468	13101	1291003	2	50	1									
4469	13101	1291003	2	60	1									
4470	13101	1291003	2	70	1									
4471	13101	1291003	2	80	1									
4472	13101	1141004	2	10	1									
4473	13101	1141004	2	20	1									
4474	13101	1141004	2	30	1									
4475	13101	1141004	2	40	1									
4476	13101	1141004	2	50	1									
4477	13101	1141004	2	60	1									
4478	13101	1141004	2	70	1									
4479	13101	1141004	2	80	1									
4480	13101	1391003	2	10	1									
4481	13101	1391003	2	20	1									
4482	13101	1391003	2	30	1									
4483	13101	1391003	2	40	1									
4484	13101	1391003	2	50	1									
4485	13101	1391003	2	60	1									
4486	13101	1391003	2	70	1									
4487	13101	1391003	2	80	1									
4488	13101	1061004	2	10	1									
4489	13101	1061004	2	20	1									
4490	13101	1061004	2	30	1									
4491	13101	1061004	2	40	1									
4492	13101	1061004	2	50	1									
4493	13101	1061004	2	60	1									
4494	13101	1061004	2	70	1									
4495	13101	1061004	2	80	1									
4496	13101	1021007	2	10	1									
4497	13101	1021007	2	20	1									
4498	13101	1021007	2	30	1									
4499	13101	1021007	2	40	1									
4500	13101	1021007	2	50	1									
4501	13101	1021007	2	60	1									
4502	13101	1021007	2	70	1									
4503	13101	1021007	2	80	1									
3500	13206	5												
3501	13206	10												
3502	13206	20												
3503	13206	30												
3504	13206	40												
3505	13206	50												
3506	13206	75												
3507	13206	100												
3508	13206	125												
3509	13206	150												
3510	13205	2												
3511	13205	4												
3512	13205	6												
3513	13205	8												
3514	13205	10												
3515	13205	12												
3516	13205	14												
3517	13205	16												
3518	13205	18												
3519	13205	20												
3520	12203	5												
3521	12203	10												
3522	12203	20												
3523	12203	30												
3524	12203	40												
3525	12203	50												
3526	12203	75												
3527	12203	100												
3528	12203	125												
3529	12203	150												
3530	12205	2												
3531	12205	5												
3532	12205	10												
3533	12205	15												
3534	12205	20												
3535	12205	25												
3536	12205	30												
3537	12205	35												
3538	12205	40												
3539	12205	45												
3540	12205	50												
3550	12206	10												
3551	12206	20												
3552	12206	40												
3553	12206	60												
3554	12206	100												
3555	12206	150												
3556	12206	200												
3557	12206	300												
3558	12206	400												
3559	12206	500												
3560	12202	25												
3561	12202	50												
3562	12202	100												
3563	12202	150												
3600	11202	1000000	1											
3601	11202	3000000	1											
3602	11202	5000000	1											
3603	11202	10000000	1											
3604	11202	15000000	1											
3605	11202	20000000	1											
3606	11202	30000000	1											
3607	11202	50000000	1											
3608	11202	70000000	1											
3609	11202	99999999	1											
3610	23003	10												
3611	23003	30												
3612	23003	60												
3613	23003	100												
3620	23004	10												
3621	23004	30												
3622	23004	60												
3623	23004	100												
3630	15215	10												
3631	15215	30												
3632	15215	60												
3633	15215	100												
3640	13105	1	3											
3641	13105	3	3											
3642	13105	5	3											
3643	13105	10	3											
3650	13105	1	6											
3651	13105	3	6											
3652	13105	5	6											
3653	13105	10	6											
3660	10101	10												
3661	10101	20												
3662	10101	30												
3663	10101	40												
3664	10101	50												
3665	10101	60												
3666	10101	70												
3667	10101	80												
11060101	25001	48000	1001											
11060102	25001	128000	1001											
11060103	25001	240000	1001											
11060104	25001	480000	1001											
11060105	25001	580000	1001											
11060201	25001	48000	1005											
11060202	25001	128000	1005											
11060203	25001	240000	1005											
11060204	25001	480000	1005											
11060205	25001	580000	1005											
11060301	25001	48000	1009											
11060302	25001	128000	1009											
11060303	25001	240000	1009											
11060304	25001	480000	1009											
11060305	25001	580000	1009											
11060401	25001	48000	1010											
11060402	25001	128000	1010											
11060403	25001	240000	1010											
11060404	25001	480000	1010											
11060405	25001	580000	1010											
11060501	25001	48000	2003											
11060502	25001	128000	2003											
11060503	25001	240000	2003											
11060504	25001	480000	2003											
11060505	25001	580000	2003											
11060601	25001	48000	2004											
11060602	25001	128000	2004											
11060603	25001	240000	2004											
11060604	25001	480000	2004											
11060605	25001	580000	2004											
11060701	25001	48000	2005											
11060702	25001	128000	2005											
11060703	25001	240000	2005											
11060704	25001	480000	2005											
11060705	25001	580000	2005											
11060801	25001	48000	2006											
11060802	25001	128000	2006											
11060803	25001	240000	2006											
11060804	25001	480000	2006											
11060805	25001	580000	2006											
11060901	25001	48000	2007											
11060902	25001	128000	2007											
11060903	25001	240000	2007											
11060904	25001	480000	2007											
11060905	25001	580000	2007											
11061001	25001	48000	2008											
11061002	25001	128000	2008											
11061003	25001	240000	2008											
11061004	25001	480000	2008											
11061005	25001	580000	2008											
11061101	25001	48000	2009											
11061102	25001	128000	2009											
11061103	25001	240000	2009											
11061104	25001	480000	2009											
11061105	25001	580000	2009											
11061201	25001	48000	2010											
11061202	25001	128000	2010											
11061203	25001	240000	2010											
11061204	25001	480000	2010											
11061205	25001	580000	2010											
11061301	25001	48000	2011											
11061302	25001	128000	2011											
11061303	25001	240000	2011											
11061304	25001	480000	2011											
11061305	25001	580000	2011											
11061401	25001	48000	2012											
11061402	25001	128000	2012											
11061403	25001	240000	2012											
11061404	25001	480000	2012											
11061405	25001	580000	2012											
11061501	25001	48000	2013											
11061502	25001	128000	2013											
11061503	25001	240000	2013											
11061504	25001	480000	2013											
11061505	25001	580000	2013											
11061601	25001	48000	2014											
11061602	25001	128000	2014											
11061603	25001	240000	2014											
11061604	25001	480000	2014											
11061605	25001	580000	2014											
11061701	25001	48000	2015											
11061702	25001	128000	2015											
11061703	25001	240000	2015											
11061704	25001	480000	2015											
11061705	25001	580000	2015											
11061801	25001	48000	2016											
11061802	25001	128000	2016											
11061803	25001	240000	2016											
11061804	25001	480000	2016											
11061805	25001	580000	2016											
11061901	25001	48000	2017											
11061902	25001	128000	2017											
11061903	25001	240000	2017											
11061904	25001	480000	2017											
11061905	25001	580000	2017											
11062001	25001	48000	2018											
11062002	25001	128000	2018											
11062003	25001	240000	2018											
11062004	25001	480000	2018											
11062005	25001	580000	2018											
11062101	25001	48000	2019											
11062102	25001	128000	2019											
11062103	25001	240000	2019											
11062104	25001	480000	2019											
11062105	25001	580000	2019											
11062201	25001	48000	2022											
11062202	25001	128000	2022											
11062203	25001	240000	2022											
11062204	25001	480000	2022											
11062205	25001	580000	2022											
11062301	25001	48000	2020											
11062302	25001	128000	2020											
11062303	25001	240000	2020											
11062304	25001	480000	2020											
11062305	25001	580000	2020											
11062401	25001	48000	2021											
11062402	25001	128000	2021											
11062403	25001	240000	2021											
11062404	25001	480000	2021											
11062405	25001	580000	2021											
11062501	25001	48000	2023											
11062502	25001	128000	2023											
11062503	25001	240000	2023											
11062504	25001	480000	2023											
11062505	25001	580000	2023											
11062601	25001	48000	2024											
11062602	25001	128000	2024											
11062603	25001	240000	2024											
11062604	25001	480000	2024											
11062605	25001	580000	2024											
11062701	25001	48000	2028											
11062702	25001	128000	2028											
11062703	25001	240000	2028											
11062704	25001	480000	2028											
11062705	25001	580000	2028											
11062801	25001	48000	2030											
11062802	25001	128000	2030											
11062803	25001	240000	2030											
11062804	25001	480000	2030											
11062805	25001	580000	2030											
11062901	25001	48000	2031											
11062902	25001	128000	2031											
11062903	25001	240000	2031											
11062904	25001	480000	2031											
11062905	25001	580000	2031											
11063001	25001	48000	2033											
11063002	25001	128000	2033											
11063003	25001	240000	2033											
11063004	25001	480000	2033											
11063005	25001	580000	2033											
11064001	25001	48000	2034											
11064002	25001	128000	2034											
11064003	25001	240000	2034											
11064004	25001	480000	2034											
11064005	25001	580000	2034											
11065001	25001	48000	2035											
11065002	25001	128000	2035											
11065003	25001	240000	2035											
11065004	25001	480000	2035											
11065005	25001	580000	2035											
11066001	25001	48000	2036											
11066002	25001	128000	2036											
11066003	25001	240000	2036											
11066004	25001	480000	2036											
11066005	25001	580000	2036											
11067001	25001	48000	2037											
11067002	25001	128000	2037											
11067003	25001	240000	2037											
11067004	25001	480000	2037											
11067005	25001	580000	2037											
11068001	25001	48000	2038											
11068002	25001	128000	2038											
11068003	25001	240000	2038											
11068004	25001	480000	2038											
11068005	25001	580000	2038											
11069001	25001	48000	2039											
11069002	25001	128000	2039											
11069003	25001	240000	2039											
11069004	25001	480000	2039											
11069005	25001	580000	2039											
11070001	25001	48000	2040											
11070002	25001	128000	2040											
11070003	25001	240000	2040											
11070004	25001	480000	2040											
11070005	25001	580000	2040											
11071001	25001	48000	2041											
11071002	25001	128000	2041											
11071003	25001	240000	2041											
11071004	25001	480000	2041											
11071005	25001	580000	2041											
11072001	25001	48000	2044											
11072002	25001	128000	2044											
11072003	25001	240000	2044											
11072004	25001	480000	2044											
11072005	25001	580000	2044											
11130001	28003	200000												
11130002	28003	500000												
11130003	28003	750000												
11130004	28003	1000000												
11140005	44000	20												
11140006	44000	30												
11140007	44000	50												
11150001	44001	50												
11150002	44001	200												
11150003	44001	500												
21020008	13102	20	4	1	1									
21020009	13102	30	4	1	1									
21030008	13102	20	5	1	1									
21030009	13102	30	5	1	1									
21050101	13106	4	1011002											
21050102	13106	5	1011002											
21050201	13106	4	1021001											
21050202	13106	5	1021001											
21050301	13106	4	1031001											
21050302	13106	5	1031001											
21050401	13106	4	1041002											
21050402	13106	5	1041002											
21050501	13106	4	1051001											
21050502	13106	5	1051001											
21050601	13106	4	1061002											
21050602	13106	5	1061002											
21050701	13106	4	1071002											
21050702	13106	5	1071002											
21050801	13106	4	1081002											
21050802	13106	5	1081002											
21050901	13106	4	1021002											
21050902	13106	5	1021002											
21051001	13106	4	1031002											
21051002	13106	5	1031002											
21051101	13106	4	1011003											
21051102	13106	5	1011003											
21051201	13106	4	1031003											
21051202	13106	5	1031003											
21051301	13106	4	1061003											
21051302	13106	5	1061003											
21051401	13106	4	1071003											
21051402	13106	5	1071003											
21051501	13106	4	1051003											
21051502	13106	5	1051003											
21051601	13106	4	1021003											
21051602	13106	5	1021003											
21051701	13106	4	1081003											
21051702	13106	5	1081003											
21051801	13106	4	1091002											
21051802	13106	5	1091002											
21051901	13106	4	1041003											
21051902	13106	5	1041003											
21052001	13106	4	1111002											
21052002	13106	5	1111002											
21052101	13106	4	1121002											
21052102	13106	5	1121002											
21052201	13106	4	1021004											
21052202	13106	5	1021004											
21052301	13106	4	1131002											
21052302	13106	5	1131002											
21052401	13106	4	1511003											
21052402	13106	5	1511003											
21052501	13106	4	1141003											
21052502	13106	5	1141003											
21052601	13106	4	1521003											
21052602	13106	5	1521003											
21052701	13106	4	1161002											
21052702	13106	5	1161002											
21052801	13106	4	1171003											
21052802	13106	5	1171003											
21052901	13106	4	1181003											
21052902	13106	5	1181003											
21053001	13106	4	1191003											
21053002	13106	5	1191003											
21053101	13106	4	1201003											
21053102	13106	5	1201003											
21053201	13106	4	1211002											
21053202	13106	5	1211002											
21053301	13106	4	1531003											
21053302	13106	5	1531003											
21053401	13106	4	1121003											
21053402	13106	5	1121003											
21053501	13106	4	1221002											
21053502	13106	5	1221002											
21053601	13106	4	1131003											
21053602	13106	5	1131003											
21053701	13106	4	1541003											
21053702	13106	5	1541003											
21053801	13106	4	1031004											
21053802	13106	5	1031004											
21053901	13106	4	1531004											
21053902	13106	5	1531004											
21054001	13106	4	1551003											
21054002	13106	5	1551003											
21055001	13106	4	1051004											
21055002	13106	5	1051004											
21054201	13106	4	1561003											
21054202	13106	5	1561003											
21054301	13106	4	1071004											
21054302	13106	5	1071004											
21054401	13106	4	1571003											
21054402	13106	5	1571003											
21054501	13106	4	1041004											
21054502	13106	5	1041004											
21054601	13106	4	1231002											
21054602	13106	5	1231002											
21054701	13106	4	1011004											
21054702	13106	5	1011004											
21054801	13106	4	1091003											
21054802	13106	5	1091003											
21054901	13106	4	1021005											
21054902	13106	5	1021005											
21055011	13106	4	1241002											
21055012	13106	5	1241002											
21055111	13106	4	1221003											
21055112	13106	5	1221003											
21055211	13106	4	1251002											
21055212	13106	5	1251002											
21055311	13106	4	1261003											
21055312	13106	5	1261003											
21055411	13106	4	1271003											
21055412	13106	5	1271003											
21055511	13106	4	1281002											
21055512	13106	5	1281002											
21055611	13106	4	1081004											
21055612	13106	5	1081004											
21055711	13106	4	1521004											
21055712	13106	5	1521004											
21055811	13106	4	1291002											
21055812	13106	5	1291002											
21055911	13106	4	1171004											
21055912	13106	5	1171004											
21056011	13106	4	1301002											
21056012	13106	5	1301002											
21056111	13106	4	1241003											
21056112	13106	5	1241003											
21056211	13106	4	1211003											
21056212	13106	5	1211003											
21056311	13106	4	1021006											
21056312	13106	5	1021006											
21056411	13106	4	1311002											
21056412	13106	5	1311002											
21056511	13106	4	1051005											
21056512	13106	5	1051005											
21056611	13106	4	1321003											
21056612	13106	5	1321003											
21056711	13106	4	1331003											
21056712	13106	5	1331003											
21056811	13106	4	1531005											
21056812	13106	5	1531005											
21056911	13106	4	1341002											
21056912	13106	5	1341002											
21057011	13106	4	1131004											
21057012	13106	5	1131004											
21057111	13106	4	1351003											
21057112	13106	5	1351003											
21057211	13106	4	1361003											
21057212	13106	5	1361003											
21057311	13106	4	1041005											
21057312	13106	5	1041005											
21057411	13106	4	1371002											
21057412	13106	5	1371002											
21057511	13106	4	1381003											
21057512	13106	5	1381003											
21057611	13106	4	1031005											
21057612	13106	5	1031005											
21057711	13106	4	1291003											
21057712	13106	5	1291003											
21057811	13106	4	1141004											
21057812	13106	5	1141004											
21057911	13106	4	1391003											
21057912	13106	5	1391003											
21057921	13106	4	1061004											
21057922	13106	5	1061004											
21058111	13106	4	1021007											
21058112	13106	5	1021007											
21070101	13107	4	1011002											
21070201	13107	4	1021001											
21070301	13107	4	1031001											
21070401	13107	4	1041002											
21070501	13107	4	1051001											
21070601	13107	4	1061002											
21070701	13107	4	1071002											
21070801	13107	4	1081002											
21070901	13107	4	1021002											
21071001	13107	4	1031002											
21071101	13107	4	1011003											
21071201	13107	4	1031003											
21071301	13107	4	1061003											
21071401	13107	4	1071003											
21071501	13107	4	1051003											
21071601	13107	4	1021003											
21071701	13107	4	1081003											
21071801	13107	4	1091002											
21071901	13107	4	1041003											
21072001	13107	4	1111002											
21072101	13107	4	1121002											
21072201	13107	4	1021004											
21072301	13107	4	1131002											
21072401	13107	4	1511003											
21072501	13107	4	1141003											
21072601	13107	4	1521003											
21072701	13107	4	1161002											
21072801	13107	4	1171003											
21072901	13107	4	1181003											
21073001	13107	4	1191003											
21073101	13107	4	1201003											
21073201	13107	4	1211002											
21073301	13107	4	1531003											
21073401	13107	4	1121003											
21073501	13107	4	1221002											
21073601	13107	4	1131003											
21073701	13107	4	1541003											
21073801	13107	4	1031004											
21073901	13107	4	1531004											
21074001	13107	4	1551003											
21074101	13107	4	1051004											
21074201	13107	4	1561003											
21074301	13107	4	1071004											
21074401	13107	4	1571003											
21074501	13107	4	1041004											
21074601	13107	4	1231002											
21074701	13107	4	1011004											
21074801	13107	4	1091003											
21074901	13107	4	1021005											
21075001	13107	4	1241002											
21075101	13107	4	1221003											
21075201	13107	4	1251002											
21075301	13107	4	1261003											
21075401	13107	4	1271003											
21075501	13107	4	1281002											
21075601	13107	4	1081004											
21075701	13107	4	1521004											
21075801	13107	4	1291002											
21075901	13107	4	1171004											
21076001	13107	4	1301002											
21076101	13107	4	1241003											
21076201	13107	4	1211003											
21076301	13107	4	1021006											
21076401	13107	4	1311002											
21076501	13107	4	1051005											
21076601	13107	4	1321003											
21076701	13107	4	1331003											
21076801	13107	4	1531005											
21076901	13107	4	1341002											
21077001	13107	4	1131004											
21077101	13107	4	1351003											
21077201	13107	4	1361003											
21077301	13107	4	1041005											
21077401	13107	4	1371002											
21077501	13107	4	1381003											
21077601	13107	4	1031005											
21077701	13107	4	1291003											
21077801	13107	4	1141004											
21077901	13107	4	1391003											
21078001	13107	4	1061004											
21078101	13107	4	1021007											
21080101	13107	5	1011002											
21080201	13107	5	1021001											
21080301	13107	5	1031001											
21080401	13107	5	1041002											
21080501	13107	5	1051001											
21080601	13107	5	1061002											
21080701	13107	5	1071002											
21080801	13107	5	1081002											
21080901	13107	5	1021002											
21081001	13107	5	1031002											
21081101	13107	5	1011003											
21081201	13107	5	1031003											
21081301	13107	5	1061003											
21081401	13107	5	1071003											
21081501	13107	5	1051003											
21081601	13107	5	1021003											
21081701	13107	5	1081003											
21081801	13107	5	1091002											
21081901	13107	5	1041003											
21082001	13107	5	1111002											
21082101	13107	5	1121002											
21082201	13107	5	1021004											
21082301	13107	5	1131002											
21082401	13107	5	1511003											
21082501	13107	5	1141003											
21082601	13107	5	1521003											
21082701	13107	5	1161002											
21082801	13107	5	1171003											
21082901	13107	5	1181003											
21083001	13107	5	1191003											
21083101	13107	5	1201003											
21083201	13107	5	1211002											
21083301	13107	5	1531003											
21083401	13107	5	1121003											
21083501	13107	5	1221002											
21083601	13107	5	1131003											
21083701	13107	5	1541003											
21083801	13107	5	1031004											
21083901	13107	5	1531004											
21084001	13107	5	1551003											
21084101	13107	5	1051004											
21084201	13107	5	1561003											
21084301	13107	5	1071004											
21084401	13107	5	1571003											
21084501	13107	5	1041004											
21084601	13107	5	1231002											
21084701	13107	5	1011004											
21084801	13107	5	1091003											
21084901	13107	5	1021005											
21085001	13107	5	1241002											
21085101	13107	5	1221003											
21085201	13107	5	1251002											
21085301	13107	5	1261003											
21085401	13107	5	1271003											
21085501	13107	5	1281002											
21085601	13107	5	1081004											
21085701	13107	5	1521004											
21085801	13107	5	1291002											
21085901	13107	5	1171004											
21086001	13107	5	1301002											
21086101	13107	5	1241003											
21086201	13107	5	1211003											
21086301	13107	5	1021006											
21086401	13107	5	1311002											
21086501	13107	5	1051005											
21086601	13107	5	1321003											
21086701	13107	5	1331003											
21086801	13107	5	1531005											
21086901	13107	5	1341002											
21087001	13107	5	1131004											
21087101	13107	5	1351003											
21087201	13107	5	1361003											
21087301	13107	5	1041005											
21087401	13107	5	1371002											
21087501	13107	5	1381003											
21087601	13107	5	1031005											
21087701	13107	5	1291003											
21087801	13107	5	1141004											
21087901	13107	5	1391003											
21088001	13107	5	1061004											
21088101	13107	5	1021007											
23010101	76100	0	10	16010000										
23010102	76100	1	15	16010000										
23010103	76100	2	25	16010000										
23010104	76100	3	30	16010000										
23010201	76100	0	10	16020000										
23010202	76100	1	15	16020000										
23010203	76100	2	25	16020000										
23010204	76100	3	30	16020000										
23010301	76100	0	10	16030000										
23010302	76100	1	15	16030000										
23010303	76100	2	25	16030000										
23010304	76100	3	30	16030000										
23010401	76100	0	10	16040000										
23010402	76100	1	15	16040000										
23010403	76100	2	25	16040000										
23010404	76100	3	30	16040000										
23010501	76100	0	10	16050000										
23010502	76100	1	15	16050000										
23010503	76100	2	25	16050000										
23010504	76100	3	30	16050000										
23010601	76100	0	10	16060000										
23010602	76100	1	15	16060000										
23010603	76100	2	25	16060000										
23010604	76100	3	30	16060000										
23010701	76100	0	10	16070000										
23010702	76100	1	15	16070000										
23010703	76100	2	25	16070000										
23010704	76100	3	30	16070000										
23010801	76100	0	10	16080000										
23010802	76100	1	15	16080000										
23010803	76100	2	25	16080000										
23010804	76100	3	30	16080000										
23010901	76100	0	10	16090000										
23010902	76100	1	15	16090000										
23010903	76100	2	25	16090000										
23010904	76100	3	30	16090000										
23011001	76100	0	10	16100000										
23011002	76100	1	15	16100000										
23011003	76100	2	25	16100000										
23011004	76100	3	30	16100000										
23011101	76100	0	10	16110000										
23011102	76100	1	15	16110000										
23011103	76100	2	25	16110000										
23011104	76100	3	30	16110000										
23011201	76100	0	10	16120000										
23011202	76100	1	15	16120000										
23011203	76100	2	25	16120000										
23011204	76100	3	30	16120000										
23011301	76100	0	10	16130000										
23011302	76100	1	15	16130000										
23011303	76100	2	25	16130000										
23011304	76100	3	30	16130000										
23011401	76100	0	10	16140000										
23011402	76100	1	15	16140000										
23011403	76100	2	25	16140000										
23011404	76100	3	30	16140000										
23011501	76100	0	10	16150000										
23011502	76100	1	15	16150000										
23011503	76100	2	25	16150000										
23011504	76100	3	30	16150000										
23011601	76100	0	10	16160000										
23011602	76100	1	15	16160000										
23011603	76100	2	25	16160000										
23011604	76100	3	30	16160000										
23011701	76100	0	10	16170000										
23011702	76100	1	15	16170000										
23011703	76100	2	25	16170000										
23011704	76100	3	30	16170000										
23011801	76100	0	10	16180000										
23011802	76100	1	15	16180000										
23011803	76100	2	25	16180000										
23011804	76100	3	30	16180000										
23011901	76100	0	10	16190000										
23011902	76100	1	15	16190000										
23011903	76100	2	25	16190000										
23011904	76100	3	30	16190000										
23012001	76100	0	10	16200000										
23012002	76100	1	15	16200000										
23012003	76100	2	25	16200000										
23012004	76100	3	30	16200000										
23012101	76100	0	10	16210000										
23012102	76100	1	15	16210000										
23012103	76100	2	25	16210000										
23012104	76100	3	30	16210000										
23012201	76100	0	10	16220000										
23012202	76100	1	15	16220000										
23012203	76100	2	25	16220000										
23012204	76100	3	30	16220000										
23012301	76100	0	10	16230000										
23012302	76100	1	15	16230000										
23012303	76100	2	25	16230000										
23012304	76100	3	30	16230000										
23012401	76100	0	10	16240000										
23012402	76100	1	15	16240000										
23012403	76100	2	25	16240000										
23012404	76100	3	30	16240000										
23012501	76100	0	10	16250000										
23012502	76100	1	15	16250000										
23012503	76100	2	25	16250000										
23012504	76100	3	30	16250000										
23012601	76100	0	10	16260000										
23012602	76100	1	15	16260000										
23012603	76100	2	25	16260000										
23012604	76100	3	30	16260000										
23012701	76100	0	10	16270000										
23012702	76100	1	15	16270000										
23012703	76100	2	25	16270000										
23012704	76100	3	30	16270000										
23012801	76100	0	10	16280000										
23012802	76100	1	15	16280000										
23012803	76100	2	25	16280000										
23012804	76100	3	30	16280000										
23012901	76100	0	10	16290000										
23012902	76100	1	15	16290000										
23012903	76100	2	25	16290000										
23012904	76100	3	30	16290000										
23013001	76100	0	10	16300000										
23013002	76100	1	15	16300000										
23013003	76100	2	25	16300000										
23013004	76100	3	30	16300000										
23013101	76100	0	10	16310000										
23013102	76100	1	15	16310000										
23013103	76100	2	25	16310000										
23013104	76100	3	30	16310000										
23013201	76100	0	10	16320000										
23013202	76100	1	15	16320000										
23013203	76100	2	25	16320000										
23013204	76100	3	30	16320000										
23013301	76100	0	10	16330000										
23013302	76100	1	15	16330000										
23013303	76100	2	25	16330000										
23013304	76100	3	30	16330000										
23013401	76100	0	10	16340000										
23013402	76100	1	15	16340000										
23013403	76100	2	25	16340000										
23013404	76100	3	30	16340000										
23013501	76100	0	10	16350000										
23013502	76100	1	15	16350000										
23013503	76100	2	25	16350000										
23013504	76100	3	30	16350000										
23013601	76100	0	10	16360000										
23013602	76100	1	15	16360000										
23013603	76100	2	25	16360000										
23013604	76100	3	30	16360000										
23013701	76100	0	10	16370000										
23013702	76100	1	15	16370000										
23013703	76100	2	25	16370000										
23013704	76100	3	30	16370000										
23013801	76100	0	10	16380000										
23013802	76100	1	15	16380000										
23013803	76100	2	25	16380000										
23013804	76100	3	30	16380000										
23013901	76100	0	10	16390000										
23013902	76100	1	15	16390000										
23013903	76100	2	25	16390000										
23013904	76100	3	30	16390000										
23020001	76101	4	1											
23020002	76101	4	3											
23020003	76101	4	5											
23020004	76101	4	7											
23020005	76101	4	9											
23020006	76101	4	12											
23020007	76101	4	15											
23020008	76101	4	20											
23020009	76101	4	30											
23030001	76101	5	1											
23030002	76101	5	3											
23030003	76101	5	5											
23030004	76101	5	7											
23030005	76101	5	9											
23030006	76101	5	12											
23030007	76101	5	15											
23030008	76101	5	20											
23030009	76101	5	30											
23040101	76102	4	16010000											
23040102	76102	5	16010000											
23040201	76102	4	16020000											
23040202	76102	5	16020000											
23040301	76102	4	16030000											
23040302	76102	5	16030000											
23040401	76102	4	16040000											
23040402	76102	5	16040000											
23040501	76102	4	16050000											
23040502	76102	5	16050000											
23040601	76102	4	16060000											
23040602	76102	5	16060000											
23040701	76102	4	16070000											
23040702	76102	5	16070000											
23040801	76102	4	16080000											
23040802	76102	5	16080000											
23040901	76102	4	16090000											
23040902	76102	5	16090000											
23041001	76102	4	16100000											
23041002	76102	5	16100000											
23041101	76102	4	16110000											
23041102	76102	5	16110000											
23041201	76102	4	16120000											
23041202	76102	5	16120000											
23041301	76102	4	16130000											
23041302	76102	5	16130000											
23041401	76102	4	16140000											
23041402	76102	5	16140000											
23041501	76102	4	16150000											
23041502	76102	5	16150000											
23041601	76102	4	16160000											
23041602	76102	5	16160000											
23041701	76102	4	16170000											
23041702	76102	5	16170000											
23041801	76102	4	16180000											
23041802	76102	5	16180000											
23041901	76102	4	16190000											
23041902	76102	5	16190000											
23042001	76102	4	16200000											
23042002	76102	5	16200000											
23042101	76102	4	16210000											
23042102	76102	5	16210000											
23042201	76102	4	16220000											
23042202	76102	5	16220000											
23042301	76102	4	16230000											
23042302	76102	5	16230000											
23042401	76102	4	16240000											
23042402	76102	5	16240000											
23042501	76102	4	16250000											
23042502	76102	5	16250000											
23042601	76102	4	16260000											
23042602	76102	5	16260000											
23042701	76102	4	16270000											
23042702	76102	5	16270000											
23042801	76102	4	16280000											
23042802	76102	5	16280000											
23042901	76102	4	16290000											
23042902	76102	5	16290000											
23043001	76102	4	16300000											
23043002	76102	5	16300000											
23043101	76102	4	16310000											
23043102	76102	5	16310000											
23043201	76102	4	16320000											
23043202	76102	5	16320000											
23043301	76102	4	16330000											
23043302	76102	5	16330000											
23043401	76102	4	16340000											
23043402	76102	5	16340000											
23043501	76102	4	16350000											
23043502	76102	5	16350000											
23043601	76102	4	16360000											
23043602	76102	5	16360000											
23043701	76102	4	16370000											
23043702	76102	5	16370000											
23043801	76102	4	16380000											
23043802	76102	5	16380000											
23043901	76102	4	16390000											
23043902	76102	5	16390000											
23050001	76103	10												
23050002	76103	20												
23050003	76103	50												
23050004	76103	100												
23050005	76103	200												
23050006	76103	500												
31060005	13105	20	3											
31060006	13105	30	3											
31070005	13105	20	6											
31070006	13105	30	6											
31080001	13105	1	8											
31080002	13105	3	8											
31080003	13105	5	8											
31080004	13105	10	8											
31080005	13105	20	8											
31080006	13105	30	8											
31090101	13104	1011002	8											
31090201	13104	1021001	8											
31090301	13104	1031001	8											
31090401	13104	1041002	8											
31090501	13104	1051001	8											
31090601	13104	1061002	8											
31090701	13104	1071002	8											
31090801	13104	1081002	8											
31090901	13104	1021002	8											
31091001	13104	1031002	8											
31091101	13104	1031003	8											
31091201	13104	1061003	8											
31091301	13104	1011003	8											
31091401	13104	1071003	8											
31091501	13104	1051003	8											
31091601	13104	1021003	8											
31091701	13104	1081003	8											
31091801	13104	1091002	8											
31091901	13104	1041003	8											
31092001	13104	1111002	8											
31092101	13104	1121002	8											
31092201	13104	1021004	8											
31092301	13104	1131002	8											
31092401	13104	1511003	8											
31092501	13104	1141003	8											
31092601	13104	1521003	8											
31092701	13104	1161002	8											
31092801	13104	1171003	8											
31092901	13104	1181003	8											
31093001	13104	1191003	8											
31093101	13104	1201003	8											
31093201	13104	1211002	8											
31093301	13104	1531003	8											
31093401	13104	1121003	8											
31093501	13104	1221002	8											
31093601	13104	1131003	8											
31093701	13104	1541003	8											
31093801	13104	1031004	8											
31093901	13104	1531004	8											
31094001	13104	1551003	8											
31094101	13104	1051004	8											
31094201	13104	1561003	8											
31094301	13104	1071004	8											
31094401	13104	1571003	8											
31094501	13104	1041004	8											
31094601	13104	1231002	8											
31094701	13104	1011004	8											
31094801	13104	1091003	8											
31094901	13104	1021005	8											
31095001	13104	1241002	8											
31095101	13104	1221003	8											
31095201	13104	1251002	8											
31095301	13104	1261003	8											
31095401	13104	1271003	8											
31095501	13104	1281002	8											
31095601	13104	1081004	8											
31095701	13104	1521004	8											
31095801	13104	1291002	8											
31095901	13104	1171004	8											
31096001	13104	1301002	8											
31096101	13104	1241003	8											
31096201	13104	1211003	8											
31096301	13104	1021006	8											
31096401	13104	1311002	8											
31096501	13104	1051005	8											
31096601	13104	1321003	8											
31096701	13104	1331003	8											
31096801	13104	1531005	8											
31096901	13104	1341002	8											
31097001	13104	1131004	8											
31097101	13104	1351003	8											
31097201	13104	1361003	8											
31097301	13104	1041005	8											
31097401	13104	1371002	8											
31097501	13104	1381003	8											
31097601	13104	1031005	8											
31097701	13104	1291003	8											
31097801	13104	1141004	8											
31097901	13104	1391003	8											
31098001	13104	1061004	8											
31098101	13104	1021007	8											
