Id	CupCount	DefeatCount	EnemyCupCount	EnemyDefeatCount
1		4		2
2		3	1	
3		2		1
4		1		
5				
6	1	4		4
7	1	3	2	
8	1	2	1	1
9	1	1		2
10	1			1
11	2	4	2	2
12	2	3	3	
13	2	2	2	1
14	2	1	1	2
15	2		1	1
16	3	4	4	1
17	3	3	3	2
18	3	2	3	1
19	3	1	2	2
20	3		3	
21	4	4	5	1
22	4	3	4	2
23	4	2	4	1
24	4	1	3	2
25	4		4	
26	5	4	6	1
27	5	3	5	2
28	5	2	5	1
29	5	1	4	2
30	5		5	
31	6	4	7	1
32	6	3	6	2
33	6	2	7	
34	6	1	6	1
35	6		6	
36	7	4	9	
37	7	3	7	2
38	7	2	8	
39	7	1	7	1
40	7		7	
41	8	4	8	3
42	8	3	8	2
43	8	2	9	
44	8	1	8	1
45	8		8	
46	9	4	9	3
47	9	3	8	4
48	9	2	8	3
49	9	1	9	1
50	9		9	
51	10	4	12	
52	10	3	11	1
53	10	2	11	
54	10	1	10	1
55	10		10	
56	11	4	11	3
57	11	3	12	1
58	11	2	12	
59	11	1	11	1
60	11		11	
61	12	4	12	3
62	12	3	11	4
63	12	2	12	2
64	12	1	12	1
65	12		12	
66		4		2
67		3	1	
68		2		1
69		1		
70				
71	1	4		4
72	1	3	2	
73	1	2	1	1
74	1	1		2
75	1			1
76	2	4	2	2
77	2	3	3	
78	2	2	2	1
79	2	1	1	2
80	2		1	1
81	3	4	4	1
82	3	3	3	2
83	3	2	3	1
84	3	1	2	2
85	3		3	
86	4	4	5	1
87	4	3	4	2
88	4	2	4	1
89	4	1	3	2
90	4		4	
91	5	4	6	1
92	5	3	5	2
93	5	2	5	1
94	5	1	4	2
95	5		5	
96	6	4	7	1
97	6	3	6	2
98	6	2	7	
99	6	1	6	1
100	6		6	
101	7	4	9	
102	7	3	7	2
103	7	2	8	
104	7	1	7	1
105	7		7	
106	8	4	8	3
107	8	3	8	2
108	8	2	9	
109	8	1	8	1
110	8		8	
111	9	4	9	3
112	9	3	8	4
113	9	2	8	3
114	9	1	9	1
115	9		9	
116	10	4	12	
117	10	3	11	1
118	10	2	11	
119	10	1	10	1
120	10		10	
121	11	4	11	3
122	11	3	12	1
123	11	2	12	
124	11	1	11	1
125	11		11	
126	12	4	12	3
127	12	3	11	4
128	12	2	12	2
129	12	1	12	1
130	12		12	
131		4		2
132		3	1	
133		2		1
134		1		
135				
136	1	4		4
137	1	3	2	
138	1	2	1	1
139	1	1		2
140	1			1
141	2	4	2	2
142	2	3	3	
143	2	2	2	1
144	2	1	1	2
145	2		1	1
146	3	4	4	1
147	3	3	3	2
148	3	2	3	1
149	3	1	2	2
150	3		3	
151	4	4	5	1
152	4	3	4	2
153	4	2	4	1
154	4	1	3	2
155	4		4	
156	5	4	6	1
157	5	3	5	2
158	5	2	5	1
159	5	1	4	2
160	5		5	
161	6	4	7	1
162	6	3	6	2
163	6	2	7	
164	6	1	6	1
165	6		6	
166	7	4	9	
167	7	3	7	2
168	7	2	8	
169	7	1	7	1
170	7		7	
171	8	4	8	3
172	8	3	8	2
173	8	2	9	
174	8	1	8	1
175	8		8	
176	9	4	9	3
177	9	3	8	4
178	9	2	8	3
179	9	1	9	1
180	9		9	
181	10	4	12	
182	10	3	11	1
183	10	2	11	
184	10	1	10	1
185	10		10	
186	11	4	11	3
187	11	3	12	1
188	11	2	12	
189	11	1	11	1
190	11		11	
191	12	4	12	3
192	12	3	11	4
193	12	2	12	2
194	12	1	12	1
195	12		12	
196		4	1	1
197		3		2
198		2	1	
199		1		
200				
201	1	4	2	1
202	1	3	1	2
203	1	2	2	
204	1	1		2
205	1			1
206	2	4	3	1
207	2	3	2	2
208	2	2	3	
209	2	1	1	2
210	2		1	1
211	3	4	5	
212	3	3	3	2
213	3	2	4	
214	3	1	2	2
215	3		3	
216	4	4	6	
217	4	3	5	1
218	4	2	5	
219	4	1	3	2
220	4		4	
221	5	4	7	
222	5	3	6	1
223	5	2	6	
224	5	1	5	1
225	5		5	
226	6	4	8	
227	6	3	7	1
228	6	2	6	2
229	6	1	6	1
230	6		6	
231	7	4	8	2
232	7	3	8	1
233	7	2	7	2
234	7	1	7	1
235	7		7	
236	8	4	9	2
237	8	3	9	1
238	8	2	8	2
239	8	1	8	1
240	8		8	
241	9	4	9	3
242	9	3	8	4
243	9	2	9	2
244	9	1	9	1
245	9		9	
246	10	4	11	2
247	10	3	11	1
248	10	2	11	
249	10	1	10	1
250	10		10	
251	11	4	12	2
252	11	3	12	1
253	11	2	11	2
254	11	1	11	1
255	11		11	
256	12	4	12	3
257	12	3	12	3
258	12	2	12	2
259	12	1	12	1
260	12		12	
261		4	1	1
262		3		2
263		2	1	
264		1		
265				
266	1	4	2	1
267	1	3	1	2
268	1	2	2	
269	1	1		2
270	1			1
271	2	4	3	1
272	2	3	2	2
273	2	2	3	
274	2	1	1	2
275	2		1	1
276	3	4	5	
277	3	3	3	2
278	3	2	4	
279	3	1	2	2
280	3		3	
281	4	4	6	
282	4	3	5	1
283	4	2	5	
284	4	1	3	2
285	4		4	
286	5	4	7	
287	5	3	6	1
288	5	2	6	
289	5	1	5	1
290	5		5	
291	6	4	8	
292	6	3	7	1
293	6	2	6	2
294	6	1	6	1
295	6		6	
296	7	4	8	2
297	7	3	8	1
298	7	2	7	2
299	7	1	7	1
300	7		7	
301	8	4	9	2
302	8	3	9	1
303	8	2	8	2
304	8	1	8	1
305	8		8	
306	9	4	9	3
307	9	3	8	4
308	9	2	9	2
309	9	1	9	1
310	9		9	
311	10	4	11	2
312	10	3	11	1
313	10	2	11	
314	10	1	10	1
315	10		10	
316	11	4	12	2
317	11	3	12	1
318	11	2	11	2
319	11	1	11	1
320	11		11	
321	12	4	12	3
322	12	3	12	3
323	12	2	12	2
324	12	1	12	1
325	12		12	
326		4	1	1
327		3		2
328		2	1	
329		1		
330				
331	1	4	2	1
332	1	3	1	2
333	1	2	2	
334	1	1		2
335	1			1
336	2	4	3	1
337	2	3	2	2
338	2	2	3	
339	2	1	1	2
340	2		1	1
341	3	4	5	
342	3	3	3	2
343	3	2	4	
344	3	1	2	2
345	3		3	
346	4	4	6	
347	4	3	5	1
348	4	2	5	
349	4	1	3	2
350	4		4	
351	5	4	7	
352	5	3	6	1
353	5	2	6	
354	5	1	5	1
355	5		5	
356	6	4	8	
357	6	3	7	1
358	6	2	6	2
359	6	1	6	1
360	6		6	
361	7	4	8	2
362	7	3	8	1
363	7	2	7	2
364	7	1	7	1
365	7		7	
366	8	4	9	2
367	8	3	9	1
368	8	2	8	2
369	8	1	8	1
370	8		8	
371	9	4	9	3
372	9	3	8	4
373	9	2	9	2
374	9	1	9	1
375	9		9	
376	10	4	11	2
377	10	3	11	1
378	10	2	11	
379	10	1	10	1
380	10		10	
381	11	4	12	2
382	11	3	12	1
383	11	2	11	2
384	11	1	11	1
385	11		11	
386	12	4	12	3
387	12	3	12	3
388	12	2	12	2
389	12	1	12	1
390	12		12	
391		4	1	1
392		3		2
393		2	1	
394		1		
395				
396	1	4	2	1
397	1	3	1	2
398	1	2	2	
399	1	1		2
400	1			1
401	2	4	3	1
402	2	3	2	2
403	2	2	3	
404	2	1	1	2
405	2		2	
406	3	4	5	
407	3	3	3	2
408	3	2	4	
409	3	1	2	2
410	3		3	
411	4	4	6	
412	4	3	5	1
413	4	2	5	
414	4	1	4	1
415	4		4	
416	5	4	7	
417	5	3	6	1
418	5	2	6	
419	5	1	5	1
420	5		5	
421	6	4	8	
422	6	3	7	1
423	6	2	6	2
424	6	1	6	1
425	6		6	
426	7	4	8	2
427	7	3	8	1
428	7	2	7	2
429	7	1	7	1
430	7		7	
431	8	4	9	2
432	8	3	9	1
433	8	2	8	2
434	8	1	8	1
435	8		8	
436	9	4	9	3
437	9	3	8	4
438	9	2	9	2
439	9	1	9	1
440	9		9	
441	10	4	11	2
442	10	3	11	1
443	10	2	10	2
444	10	1	10	1
445	10		10	
446	11	4	12	2
447	11	3	11	3
448	11	2	11	2
449	11	1	11	1
450	11		11	
451	12	4	12	4
452	12	3	12	3
453	12	2	12	2
454	12	1	12	1
455	12		12	
456		4	1	1
457		3		2
458		2	1	
459		1		
460				
461	1	4	2	1
462	1	3	1	2
463	1	2	2	
464	1	1		2
465	1			1
466	2	4	3	1
467	2	3	2	2
468	2	2	3	
469	2	1	1	2
470	2		2	
471	3	4	5	
472	3	3	3	2
473	3	2	4	
474	3	1	2	2
475	3		3	
476	4	4	6	
477	4	3	5	1
478	4	2	5	
479	4	1	4	1
480	4		4	
481	5	4	7	
482	5	3	6	1
483	5	2	6	
484	5	1	5	1
485	5		5	
486	6	4	8	
487	6	3	7	1
488	6	2	6	2
489	6	1	6	1
490	6		6	
491	7	4	8	2
492	7	3	8	1
493	7	2	7	2
494	7	1	7	1
495	7		7	
496	8	4	9	2
497	8	3	9	1
498	8	2	8	2
499	8	1	8	1
500	8		8	
501	9	4	9	3
502	9	3	8	4
503	9	2	9	2
504	9	1	9	1
505	9		9	
506	10	4	11	2
507	10	3	11	1
508	10	2	10	2
509	10	1	10	1
510	10		10	
511	11	4	12	2
512	11	3	11	3
513	11	2	11	2
514	11	1	11	1
515	11		11	
516	12	4	12	4
517	12	3	12	3
518	12	2	12	2
519	12	1	12	1
520	12		12	
521		4	1	1
522		3		2
523		2	1	
524		1		
525				
526	1	4	2	1
527	1	3	1	2
528	1	2	2	
529	1	1		2
530	1			1
531	2	4	3	1
532	2	3	2	2
533	2	2	3	
534	2	1	1	2
535	2		2	
536	3	4	5	
537	3	3	3	2
538	3	2	4	
539	3	1	2	2
540	3		3	
541	4	4	6	
542	4	3	5	1
543	4	2	5	
544	4	1	4	1
545	4		4	
546	5	4	7	
547	5	3	6	1
548	5	2	6	
549	5	1	5	1
550	5		5	
551	6	4	8	
552	6	3	7	1
553	6	2	6	2
554	6	1	6	1
555	6		6	
556	7	4	8	2
557	7	3	8	1
558	7	2	7	2
559	7	1	7	1
560	7		7	
561	8	4	9	2
562	8	3	9	1
563	8	2	8	2
564	8	1	8	1
565	8		8	
566	9	4	9	3
567	9	3	8	4
568	9	2	9	2
569	9	1	9	1
570	9		9	
571	10	4	11	2
572	10	3	11	1
573	10	2	10	2
574	10	1	10	1
575	10		10	
576	11	4	12	2
577	11	3	11	3
578	11	2	11	2
579	11	1	11	1
580	11		11	
581	12	4	12	4
582	12	3	12	3
583	12	2	12	2
584	12	1	12	1
585	12		12	
586		4	1	1
587		3		2
588		2	1	
589		1		
590				
591	1	4	2	1
592	1	3	1	2
593	1	2	2	
594	1	1		2
595	1			1
596	2	4	3	1
597	2	3	2	2
598	2	2	3	
599	2	1	1	2
600	2		2	
601	3	4	5	
602	3	3	3	2
603	3	2	4	
604	3	1	2	2
605	3		3	
606	4	4	6	
607	4	3	5	1
608	4	2	5	
609	4	1	4	1
610	4		4	
611	5	4	7	
612	5	3	6	1
613	5	2	6	
614	5	1	5	1
615	5		5	
616	6	4	8	
617	6	3	7	1
618	6	2	6	2
619	6	1	6	1
620	6		6	
621	7	4	8	2
622	7	3	8	1
623	7	2	7	2
624	7	1	7	1
625	7		7	
626	8	4	9	2
627	8	3	9	1
628	8	2	8	2
629	8	1	8	1
630	8		8	
631	9	4	9	3
632	9	3	8	4
633	9	2	9	2
634	9	1	9	1
635	9		9	
636	10	4	11	2
637	10	3	10	3
638	10	2	10	2
639	10	1	10	1
640	10		10	
641	11	4	11	4
642	11	3	11	3
643	11	2	11	2
644	11	1	11	1
645	11		11	
646	12	4	12	4
647	12	3	12	3
648	12	2	12	2
649	12	1	12	1
650	12		12	
651		4	1	1
652		3		2
653		2	1	
654		1		
655				
656	1	4	2	1
657	1	3	1	2
658	1	2	2	
659	1	1		2
660	1			1
661	2	4	3	1
662	2	3	2	2
663	2	2	3	
664	2	1	1	2
665	2		2	
666	3	4	5	
667	3	3	3	2
668	3	2	4	
669	3	1	2	2
670	3		3	
671	4	4	6	
672	4	3	5	1
673	4	2	5	
674	4	1	4	1
675	4		4	
676	5	4	7	
677	5	3	6	1
678	5	2	6	
679	5	1	5	1
680	5		5	
681	6	4	8	
682	6	3	7	1
683	6	2	6	2
684	6	1	6	1
685	6		6	
686	7	4	8	2
687	7	3	8	1
688	7	2	7	2
689	7	1	7	1
690	7		7	
691	8	4	9	2
692	8	3	9	1
693	8	2	8	2
694	8	1	8	1
695	8		8	
696	9	4	9	3
697	9	3	8	4
698	9	2	9	2
699	9	1	9	1
700	9		9	
701	10	4	11	2
702	10	3	10	3
703	10	2	10	2
704	10	1	10	1
705	10		10	
706	11	4	11	4
707	11	3	11	3
708	11	2	11	2
709	11	1	11	1
710	11		11	
711	12	4	12	4
712	12	3	12	3
713	12	2	12	2
714	12	1	12	1
715	12		12	
716		4	1	1
717		3		2
718		2	1	
719		1		
720				
721	1	4	2	1
722	1	3	1	2
723	1	2	2	
724	1	1		2
725	1			1
726	2	4	3	1
727	2	3	2	2
728	2	2	3	
729	2	1	1	2
730	2		2	
731	3	4	5	
732	3	3	3	2
733	3	2	4	
734	3	1	2	2
735	3		3	
736	4	4	6	
737	4	3	5	1
738	4	2	5	
739	4	1	4	1
740	4		4	
741	5	4	7	
742	5	3	6	1
743	5	2	6	
744	5	1	5	1
745	5		5	
746	6	4	8	
747	6	3	7	1
748	6	2	6	2
749	6	1	6	1
750	6		6	
751	7	4	8	2
752	7	3	8	1
753	7	2	7	2
754	7	1	7	1
755	7		7	
756	8	4	9	2
757	8	3	9	1
758	8	2	8	2
759	8	1	8	1
760	8		8	
761	9	4	9	3
762	9	3	8	4
763	9	2	9	2
764	9	1	9	1
765	9		9	
766	10	4	11	2
767	10	3	10	3
768	10	2	10	2
769	10	1	10	1
770	10		10	
771	11	4	11	4
772	11	3	11	3
773	11	2	11	2
774	11	1	11	1
775	11		11	
776	12	4	12	4
777	12	3	12	3
778	12	2	12	2
779	12	1	12	1
780	12		12	
781		4	1	1
782		3		2
783		2	1	
784		1		
785				
786	1	4	2	1
787	1	3	1	2
788	1	2	2	
789	1	1		2
790	1			1
791	2	4	3	1
792	2	3	2	2
793	2	2	3	
794	2	1	1	2
795	2		2	
796	3	4	5	
797	3	3	3	2
798	3	2	4	
799	3	1	2	2
800	3		3	
801	4	4	6	
802	4	3	5	1
803	4	2	5	
804	4	1	4	1
805	4		4	
806	5	4	7	
807	5	3	6	1
808	5	2	6	
809	5	1	5	1
810	5		5	
811	6	4	7	2
812	6	3	7	1
813	6	2	6	2
814	6	1	6	1
815	6		6	
816	7	4	8	2
817	7	3	8	1
818	7	2	7	2
819	7	1	7	1
820	7		7	
821	8	4	9	2
822	8	3	9	1
823	8	2	8	2
824	8	1	8	1
825	8		8	
826	9	4	9	3
827	9	3	9	3
828	9	2	9	2
829	9	1	9	1
830	9		9	
831	10	4	10	4
832	10	3	10	3
833	10	2	10	2
834	10	1	10	1
835	10		10	
836	11	4	11	4
837	11	3	11	3
838	11	2	11	2
839	11	1	11	1
840	11		11	
841	12	4	12	4
842	12	3	12	3
843	12	2	12	2
844	12	1	12	1
845	12		12	
