Id	Type	ShowType	Title	Img	OpenStoryLineContentId	LockDesc	UnlockDesc	CompleteDesc	ScriptId	StoryId	Index
2100	1	1	Watanabe	Assets/Product/Texture/Image/UiTheatre5/UiTheatre5CluePhoto02.png	102	This clue not collected	One of your companions. You can't recall how you met him right now.	"War," the Horseman you signed a Blood Covenant with, capable of summoning Demon's Flintlock. To end the Iron Army's atrocities, he joined your crusade against the Sanctuary.	2100	RG01001BA	100
2101	2	2	Demon's Flintlock	Assets/Product/Texture/Image/UiTheatre5/UiTheatre5CluePhoto.png	102	This clue not collected	Watanabe's levitating firearm, whose mechanism and operating principle remain a mystery.	Watanabe's levitating firearm, whose mechanism and operating principle remain a mystery.			101
2102	2	2	"Gyrfalcon"	Assets/Product/Texture/Image/UiTheatre5/UiTheatre5CluePhoto.png	102	This clue not collected	Watanabe's father and the Iron Army's former commander.	Watanabe's father and the Iron Army's former commander.			102
2103	2	2	Watanabe's Plan	Assets/Product/Texture/Image/UiTheatre5/UiTheatre5CluePhoto.png	102	This clue not collected	It seems Watanabe is planning something that requires your support.	It seems Watanabe is planning something that requires your support.			103
2200	1	1	The Iron Army	Assets/Product/Texture/Image/UiTheatre5/UiTheatre5CluePhoto02.png	205	This clue not collected	They were once humanity's bastion against demons but now a lackey of them, helping the Angels to rule the Scorched Borderland's inhabitants.	They were once humanity's bastion against demons but now manipulated by the Sanctuary and has become its bloodthirsty lackey, slaughtering people on this land under the remote control of the Angels.	2200		200
2201	2	2	Morigan	Assets/Product/Texture/Image/UiTheatre5/UiTheatre5CluePhoto.png	205	This clue not collected	Nirvatia's magical pet, who's following you around at this very moment.	Nirvatia's magical pet, who's following you around at this very moment.			201
2202	2	2	The Quiet Rolling Stone Valley	Assets/Product/Texture/Image/UiTheatre5/UiTheatre5CluePhoto.png	205	This clue not collected	A transportation hub connecting the east and the west of the Scorched Borderland. It seems that the Angels have never attacked this place. Black market merchants from near and far all choose it to ship valuable goods to the west.	A transportation hub connecting the east and the west of the Scorched Borderland. It seems that the Angels have never attacked this place. Black market merchants from near and far all choose it to ship valuable goods to the west.			202
2203	2	2	Manipulated by the Sanctuary	Assets/Product/Texture/Image/UiTheatre5/UiTheatre5CluePhoto.png	205	This clue not collected	Those manipulated by the Sanctuary will become obedient puppets, with death being their sole escape.	Those manipulated by the Sanctuary will become obedient puppets, with death being their sole escape.			203
2204	2	2	Corrupted by the Act of God	Assets/Product/Texture/Image/UiTheatre5/UiTheatre5CluePhoto.png	205	This clue not collected	Many plants and animals have mutated as a result of the blood rain Act of God.	Many plants and animals have mutated as a result of the blood rain Act of God.			204
2205	2	2	The Scherman Bastion Under Attack	Assets/Product/Texture/Image/UiTheatre5/UiTheatre5CluePhoto.png	205	This clue not collected	A sacked city. Watanabe has found fresh camping traces in the suburbs.	A sacked city. Watanabe has found fresh camping traces in the suburbs.			205
2206	2	2	Traveling Merchant	Assets/Product/Texture/Image/UiTheatre5/UiTheatre5CluePhoto.png	205	This clue not collected	A merchant you saved who's willing to offer you horses and supplies for free.	A merchant you saved who's willing to offer you horses and supplies for free.			206
2300	1	1	Halo Fortress	Assets/Product/Texture/Image/UiTheatre5/UiTheatre5CluePhoto02.png	212	This clue not collected	An important stronghold controlled by the Iron Army. Rumor has it that it is exactly where the godslayer Halo Cannon is.	An important stronghold controlled by the Iron Army. The army is bringing in all its forces across the Scorched Borderland here at full speed. To make it quick, the team has made an "inside-outside attack plan," preparing to launch a surprise attack on the fortress.	2300		300
2301	2	2	Death of Iron	Assets/Product/Texture/Image/UiTheatre5/UiTheatre5CluePhoto.png	212	This clue not collected	One of the famous Three Ashfire Heroes who actually controls the Iron Army. Now this formidable battler is manipulated by the Sanctuary and has lost his reason.	One of the famous Three Ashfire Heroes who actually controls the Iron Army. Now this formidable battler is manipulated by the Sanctuary and has lost his reason.			301
2302	2	2	Halo Bullets	Assets/Product/Texture/Image/UiTheatre5/UiTheatre5CluePhoto.png	212	This clue not collected	The Iron Army's relic. Load the Halo Cannon with these bullets and you'll get a godslayer beam gun. However, this requires extended charging before use, so average bullets are recommended in normal case.	The Iron Army's relic. Load the Halo Cannon with these bullets and you'll get a godslayer beam gun. However, this requires extended charging before use, so average bullets are recommended in normal case.			302
2303	2	2	The Arrest Warrant	Assets/Product/Texture/Image/UiTheatre5/UiTheatre5CluePhoto.png	212	This clue not collected	An arrest warrant with Watanabe's portrait and "Most Wanted, 100000 Mammon."	An arrest warrant with Watanabe's portrait and "Most Wanted, 100000 Mammon."			303
2304	2	2	The Rallied Rebel Forces	Assets/Product/Texture/Image/UiTheatre5/UiTheatre5CluePhoto.png	212	This clue not collected	The armed forces that have gathered under the banner of the "Gray Raven." They are equipped with outdated weapons but high in morale.	The armed forces that have gathered under the banner of the "Gray Raven." They are equipped with outdated weapons but high in morale.			304
2305	2	2	The Influx of Refugees	Assets/Product/Texture/Image/UiTheatre5/UiTheatre5CluePhoto.png	212	This clue not collected	The refugees flooding in from all directions have put the Rusty Yoke's support systems under tremendous pressure.	The refugees flooding in from all directions have put the Rusty Yoke's support systems under tremendous pressure.			305
2306	2	2	The Halo Fortress' Recent Situation	Assets/Product/Texture/Image/UiTheatre5/UiTheatre5CluePhoto.png	212	This clue not collected	Recently, the Iron Army has been retreating to the Halo Fortress. The Fortress itself has reinforced its defenses and is heavily guarded now.	Recently, the Iron Army has been retreating to the Halo Fortress. The Fortress itself has reinforced its defenses and is heavily guarded now.			306
3100	1	1	Death Knight	Assets/Product/Texture/Image/UiTheatre5/UiTheatre5CluePhoto02.png	102	This clue not collected	One of your companions. You can't recall how you met him right now.	"Death," the Demon Lord you signed a Blood Covenant with, is capable of immortality. To reclaim the Hell Train, she joined your crusade against the Sanctuary.	3100	RG01007BA	100
3101	2	2	Entrenching Shovel	Assets/Product/Texture/Image/UiTheatre5/UiTheatre5CluePhoto.png	102	This clue not collected	One of the famous Three Ashfire Heroes who actually controls the Iron Army. Now this formidable battler is manipulated by the Sanctuary and has lost his reason.	One of the famous Three Ashfire Heroes who actually controls the Iron Army. Now this formidable battler is manipulated by the Sanctuary and has lost his reason.			101
3102	2	2	Demon Lord	Assets/Product/Texture/Image/UiTheatre5/UiTheatre5CluePhoto.png	102	This clue not collected	It is said that only a rare few high-ranking demons have received the Death Lord's blessing, gaining immense power and the title of Demon Lord. They rule Hell in his stead and are never able to kill one another.	It is said that only a rare few high-ranking demons have received the Death Lord's blessing, gaining immense power and the title of Demon Lord. They rule Hell in his stead and are never able to kill one another.			103
3103	2	2	The Hell Train	Assets/Product/Texture/Image/UiTheatre5/UiTheatre5CluePhoto.png	102	This clue not collected	The Death Knight's train was once seized by the Sanctuary, but later reclaimed by you and the Four Knights.	The Death Knight's train was once seized by the Sanctuary, but later reclaimed by you and the Four Knights.			104
3104	2	2	Rift of Chaos	Assets/Product/Texture/Image/UiTheatre5/UiTheatre5CluePhoto.png	102	This clue not collected	The passage between the mortal world and Hell. Demons once flooded through this rift, waging a long and brutal war against mankind.	The passage between the mortal world and Hell. Demons once flooded through this rift, waging a long and brutal war against mankind.			105
3105	2	2	Death Lord	Assets/Product/Texture/Image/UiTheatre5/UiTheatre5CluePhoto.png	102	This clue not collected	Nyarlathotep, also known as "The Death Lord", is an abyssal overlord who rules Hell and governs the laws of life and death.	Nyarlathotep, also known as "The Death Lord", is an abyssal overlord who rules Hell and governs the laws of life and death.			102
3200	1	1	Hell	Assets/Product/Texture/Image/UiTheatre5/UiTheatre5CluePhoto02.png	313	This clue not collected	The prison to which the Supreme Heaven casts all fallen souls. It is a realm of demons, known along with the Sanctuary and the Mortal Realm as the "Three Realms."	The prison to which the Supreme Heaven casts all fallen souls. It is a realm of demons, known along with the Sanctuary and the Mortal Realm as the "Three Realms." After the collapse of the laws of life and death, the Demon Lords once loyal to the Death Lord turned on each other, plunging Hell into endless war and bloodshed. It is said that the fallen dead who still adhere to order are cast into "Purgatory," a rift at Hell's edge, to await rebirth.	3200	RG01009BA	200
3201	2	2	Souls Entering Hell	Assets/Product/Texture/Image/UiTheatre5/UiTheatre5CluePhoto.png	313	This clue not collected	The people at the Scorched Borderland believe that upon death, souls are judged by their deeds: the virtuous ascend to Heaven, while the wicked are cast into Hell.	The people at the Scorched Borderland believe that upon death, souls are judged by their deeds: the virtuous ascend to Heaven, while the wicked are cast into Hell.			203
3202	2	2	The Collapse of Laws of Life and Death	Assets/Product/Texture/Image/UiTheatre5/UiTheatre5CluePhoto.png	313	This clue not collected	After the Supreme Heaven sealed the Death Lord within the Hall of A Thousand Demons, the cycle of life and death fell into disarray. Souls could no longer ascend to heaven or descend to Hell after death. Instead, they become wandering, living dead trapped in the mortal world.	After the Supreme Heaven sealed the Death Lord within the Hall of A Thousand Demons, the cycle of life and death fell into disarray. Souls could no longer ascend to heaven or descend to Hell after death. Instead, they become wandering, living dead trapped in the mortal world.			202
3203	2	2	Demon Lord	Assets/Product/Texture/Image/UiTheatre5/UiTheatre5CluePhoto.png	313	This clue not collected	It is said that only a rare few high-ranking demons have received the Death Lord's blessing, gaining immense power and the title of Demon Lord. They rule Hell in his stead and are never able to kill one another.	It is said that only a rare few high-ranking demons have received the Death Lord's blessing, gaining immense power and the title of Demon Lord. They rule Hell in his stead and are never able to kill one another.			201
3204	2	2	The Tribunal	Assets/Product/Texture/Image/UiTheatre5/UiTheatre5CluePhoto.png	313	This clue not collected	A religious order formed by human zealots fanatically devoted to the Supreme Heaven, once dominant in the pre-cataclysmic age. They created an artifact, known as the "Crown of Judgment," which is capable of revealing whether one has committed a sin.	A religious order formed by human zealots fanatically devoted to the Supreme Heaven, once dominant in the pre-cataclysmic age. They created an artifact, known as the "Crown of Judgment," which is capable of revealing whether one has committed a sin.			204
3205	2	2	Purgatory Furnace	Assets/Product/Texture/Image/UiTheatre5/UiTheatre5CluePhoto.png	313	This clue not collected	A treasure of Mammon, the Golden King. It is said that the Mammon Coins commonly used in the Scorched Borderland are minted in this very furnace.	A treasure of Mammon, the Golden King. It is said that the Mammon Coins commonly used in the Scorched Borderland are minted in this very furnace.			205
3206	2	2	Devil	Assets/Product/Texture/Image/UiTheatre5/UiTheatre5CluePhoto.png	313	This clue not collected	Not every soul can be clearly judged as good or evil. Those who linger between are sent to Purgatory—the border between Hell and the mortal world—becoming the "lawful evil," known as Devils.	Not every soul can be clearly judged as good or evil. Those who linger between are sent to Purgatory—the border between Hell and the mortal world—becoming the "lawful evil," known as Devils.			206
3300	1	1	Witch Haida	Assets/Product/Texture/Image/UiTheatre5/UiTheatre5CluePhoto02.png	320	This clue not collected	A witch who allied with the Sanctuary to ambush the Death Knight. She is also a Demon Lord.	A witch who allied with the Sanctuary to ambush the Death Knight. As a Demon Lord and an old acquaintance of the Death Knight, she seeks to stall for time within the Demon Fortress until the Omega Egg hatches for some unknown purpose.	3300		300
3301	2	2	The Ever-Shifting Demon Fortress	Assets/Product/Texture/Image/UiTheatre5/UiTheatre5CluePhoto.png	320	This clue not collected	The Demon Fortress seems to have gained a will of its own. Its interior structures constantly change, forming a twisted, confounding labyrinth.	The Demon Fortress seems to have gained a will of its own. Its interior structures constantly change, forming a twisted, confounding labyrinth.			303
3302	2	2	Swelling Omega Egg	Assets/Product/Texture/Image/UiTheatre5/UiTheatre5CluePhoto.png	320	This clue not collected	The Omega Egg implanted in the chest of the Chaos Gate Emissary is pulsing and growing over time.	The Omega Egg implanted in the chest of the Chaos Gate Emissary is pulsing and growing over time.			301
3303	2	2	Legend of the Scroll of the Valley of Ash	Assets/Product/Texture/Image/UiTheatre5/UiTheatre5CluePhoto.png	320	This clue not collected	"When the egg hatches, it shall cleanse Hell of all corruption. The dead of past and future shall rise anew."	"When the egg hatches, it shall cleanse Hell of all corruption. The dead of past and future shall rise anew."			302
3304	2	2	Arcane Gates	Assets/Product/Texture/Image/UiTheatre5/UiTheatre5CluePhoto.png	320	This clue not collected	These portals are created by the Chaos Gate Emissary and can connect to any location. The "Rift of Chaos"—that once linked the mortal world and Hell, sparking war between humans and demons—is also one of them.	These portals are created by the Chaos Gate Emissary and can connect to any location. The "Rift of Chaos"—that once linked the mortal world and Hell, sparking war between humans and demons—is also one of them.			306
3305	2	2	The Ferryman's Pen	Assets/Product/Texture/Image/UiTheatre5/UiTheatre5CluePhoto.png	320	This clue not collected	A heavily worn fountain pen. Its cap is engraved with an elegant name: Lustrous.	A heavily worn fountain pen. Its cap is engraved with an elegant name: Lustrous.			304
3306	2	2	The Witch's Chessboard	Assets/Product/Texture/Image/UiTheatre5/UiTheatre5CluePhoto.png	320	This clue not collected	A handmade chessboard with the creator's signature carved into the frame's corner: Hell's Greatest Demon!	A handmade chessboard with the creator's signature carved into the frame's corner: Hell's Greatest Demon!			305
4100	1	1	Wanshi	Assets/Product/Texture/Image/UiTheatre5/UiTheatre5CluePhoto02.png	102	This clue not collected	A silver-haired youth who travels with you. Somehow you can't recall how you met.	Bound to you, the Pestilence Knight consumes the souls of the dead. Together you seek a way to find the truth and end the calamity.	4100	RG01101BA	100
4101	2	2	Beak Mask	Assets/Product/Texture/Image/UiTheatre5/UiTheatre5CluePhoto.png	102	This clue not collected	Wanshi always carries this plague mask. Its beak is stuffed with herbs.	Wanshi always carries this plague mask. Its beak is stuffed with herbs.			101
4102	2	2	Eerie Ritual Altar	Assets/Product/Texture/Image/UiTheatre5/UiTheatre5CluePhoto.png	102	This clue not collected	A hidden altar beneath the castle, built by tribal cultists.	A hidden altar beneath the castle, built by tribal cultists. It has been destroyed by Wanshi and Gray Raven.			104
4103	2	2	Tribal Runes	Assets/Product/Texture/Image/UiTheatre5/UiTheatre5CluePhoto.png	102	This clue not collected	Strange runes left at the live sacrifice site, pronounced "Carcosa."	Strange runes left at the live sacrifice site, pronounced "Carcosa."			102
4104	2	2	Scattered Spent Shells	Assets/Product/Texture/Image/UiTheatre5/UiTheatre5CluePhoto.png	102	This clue not collected	These spent shells at the altar came from Wanshi's sidearm. There was clearly a fight here.	These spent shells at the altar came from Wanshi's sidearm. There was clearly a fight here.			105
4105	2	2	Locust Corpse	Assets/Product/Texture/Image/UiTheatre5/UiTheatre5CluePhoto.png	102	This clue not collected	Dried blood-locust remains are scattered all over ground zero of the calamity.	Dried blood-locust remains are scattered all over ground zero of the calamity.			103
4200	1	1	Tribespeople	Assets/Product/Texture/Image/UiTheatre5/UiTheatre5CluePhoto02.png	404	This clue not collected	Natives of the Scorched Borderland who once fought settlers a thousand years ago, now hiding in the forest.	The tribespeople have not forgotten the blood debt of a millennium past. To this day, they still seek revenge against the borderlanders by conducting living sacrifice rituals across the Scorched Borderland.	4200	RG01102BA	200
4201	2	2	Wanshi's Investigation Notes	Assets/Product/Texture/Image/UiTheatre5/UiTheatre5CluePhoto.png	404	This clue not collected	Wanshi's investigation notes, describing how the serial murder victims died of blood loss.	Wanshi's investigation notes, describing how the serial murder victims died of blood loss. The mummified bodies found in the forest died the same way, their throats cut and drained.			201
4202	2	2	Goat Carving	Assets/Product/Texture/Image/UiTheatre5/UiTheatre5CluePhoto.png	404	This clue not collected	A crude wooden carving of a goat, found at a ritual altar and crafted by tribal followers.	A crude wooden carving of a goat, found at a ritual altar and crafted by tribal followers.			202
4203	2	2	Eerie Symbol	Assets/Product/Texture/Image/UiTheatre5/UiTheatre5CluePhoto.png	404	This clue not collected	A tribal religious emblem recorded in the Great Library, twisted lines forming a pentagram.	A tribal religious emblem recorded in the Great Library, twisted lines forming a pentagram. The killer arranged the murders to form this very symbol across the map.			204
4204	2	2	Pocket Candy	Assets/Product/Texture/Image/UiTheatre5/UiTheatre5CluePhoto.png	404	This clue not collected	Candy Wanshi gave the children, in flavors such as cream, chocolate, and cinnamon apple.	Candy Wanshi gave the children, in flavors such as cream, chocolate, and cinnamon apple.			205
4205	2	2	Fresh Herbs	Assets/Product/Texture/Image/UiTheatre5/UiTheatre5CluePhoto.png	404	This clue not collected	Fresh herbs gathered from the forest, effective only after proper preparation.	Fresh herbs gathered from the forest, effective only after proper preparation.			206
4300	1	1	Canary	Assets/Product/Texture/Image/UiTheatre5/UiTheatre5CluePhoto02.png	407	This clue not collected	The only survivor Wanshi saved in the old castle, claiming to be from the Haruka tribe.	Her true identity is the Holy Maiden of the tribe, sworn to carry out their vengeance.	4300		300
4301	2	2	Tribal Insignia	Assets/Product/Texture/Image/UiTheatre5/UiTheatre5CluePhoto.png	407	This clue not collected	Special emblems painted on the tribespeople, matching the pentagrams on the goat carvings.	Special emblems painted on the tribespeople, matching the pentagrams on the goat carvings.			306
4302	2	2	Dagger Beneath the Tree	Assets/Product/Texture/Image/UiTheatre5/UiTheatre5CluePhoto.png	407	This clue not collected	A bone-blade dagger found beneath a dried corpse, handmade by the tribespeople.	A bone-blade dagger found beneath a dried corpse, handmade by the tribespeople.			303
4303	2	2	Herbal Aroma	Assets/Product/Texture/Image/UiTheatre5/UiTheatre5CluePhoto.png	407	This clue not collected	A lingering herbal scent in the forest, also detected in the old castle.	A lingering herbal scent in the forest, also detected in the old castle.			304
4304	2	2	Tribal Past	Assets/Product/Texture/Image/UiTheatre5/UiTheatre5CluePhoto.png	407	This clue not collected	The tribespeople were massacred by settlers a thousand years ago, and the hatred endures to this day.	The tribespeople were massacred by settlers a thousand years ago, and the hatred endures to this day.			301
4305	2	2	Legend of the Giant	Assets/Product/Texture/Image/UiTheatre5/UiTheatre5CluePhoto.png	407	This clue not collected	The tribespeople worship Holy Death, believing that live sacrifice can summon a pale giant to destroy their enemies.	The tribespeople worship Holy Death, believing that live sacrifice can summon a pale giant to destroy their enemies.			302
5100	1	1	Lilith	Assets/Product/Texture/Image/UiTheatre5/UiTheatre5CluePhoto02.png	102	This clue not collected	A mysterious woman who travels as your companion. You cannot recall how you first met her.	The Famine Knight, bound to you by Blood Covenant, wields the power to ignite anything her umbrella tip touches. She joins you in striking the Sanctuary, bent on vengeance against Madam Raphael.	5100	RG01201BA	100
5101	2	2	Sanctuary Game	Assets/Product/Texture/Image/UiTheatre5/UiTheatre5CluePhoto.png	102	This clue not collected	The Sanctuary's card table is bound by alchemical matrices to ensure fairness. Few mortals dare to challenge angels by taking a seat at it.	The Sanctuary's card table is bound by alchemical matrices to ensure fairness. Few mortals dare to challenge angels by taking a seat at it.			102
5102	2	2	Lilith's Confession	Assets/Product/Texture/Image/UiTheatre5/UiTheatre5CluePhoto.png	102	This clue not collected	Lilith claims she was silenced after exposing an archangel's cheating at the tables, but there are hints her story conceals more than she lets on.	Lilith claims she was silenced after exposing an archangel's cheating at the tables, but there are hints her story conceals more than she lets on.			101
5103	2	2	Mammon's Treasure	Assets/Product/Texture/Image/UiTheatre5/UiTheatre5CluePhoto.png	102	This clue not collected	Legend says that Mammon's hoard lies sealed within a purgatory stronghold called the City of No Return, its vault door opened only by Mammon's Key.	Legend says that Mammon's hoard lies sealed within a purgatory stronghold called the City of No Return, its vault door opened only by Mammon's Key.			103
5104	2	2	Counterfeit Wager	Assets/Product/Texture/Image/UiTheatre5/UiTheatre5CluePhoto.png	102	This clue not collected	To dodge losses, some gamblers slip in fakes in place of real stakes. Once exposed, the table erupted into a brawl—only this counterfeit token remains by the cards.	To dodge losses, some gamblers slip in fakes in place of real stakes. Once exposed, the table erupted into a brawl—only this counterfeit token remains by the cards.			104
5105	2	2	Legend of the Inferno	Assets/Product/Texture/Image/UiTheatre5/UiTheatre5CluePhoto.png	102	This clue not collected	Rumor has it the devils' seat of power lies within the inferno, teeming with souls forever chasing after gold.	Rumor has it the devils' seat of power lies within the inferno, teeming with souls forever chasing after gold.			105
5200	1	1	Madam Raphael	Assets/Product/Texture/Image/UiTheatre5/UiTheatre5CluePhoto02.png	504	This clue not collected	One of the four archangels, host of the Sanctuary Game in the mortal realm—and the very target of Lilith's revenge.	One of the four archangels, commanded by the Supreme Heaven to hunt for clues to Mammon's treasure and the City of No Return. After becoming enemies with Lilith, she turned her fury on us in a string of assaults, driven by some goal she has yet to reveal.	5200		200
5201	2	2	Plundered Town	Assets/Product/Texture/Image/UiTheatre5/UiTheatre5CluePhoto.png	504	This clue not collected	Lately, Madam Raphael's angels have been raiding towns with increasing frequency. Where once they came only to slaughter, now they scour the very earth itself, digging for coins fallen from the trains.	Lately, Madam Raphael's angels have been raiding towns with increasing frequency. Where once they came only to slaughter, now they scour the very earth itself, digging for coins fallen from the trains.			202
5202	2	2	Unowned Mammon Vault	Assets/Product/Texture/Image/UiTheatre5/UiTheatre5CluePhoto.png	504	This clue not collected	Since the last Mammon vanished, the throne of the City of No Return has stood empty. Whoever claims the title will inherit the immeasurable wealth sealed within its vault.	Since the last Mammon vanished, the throne of the City of No Return has stood empty. Whoever claims the title will inherit the immeasurable wealth sealed within its vault.			206
5203	2	2	Intermittent Ambush	Assets/Product/Texture/Image/UiTheatre5/UiTheatre5CluePhoto.png	504	This clue not collected	Between their plundering of towns, the angels have begun targeting me and Lilith as well—clearly after more than just gold.	Between their plundering of towns, the angels have begun targeting me and Lilith as well—clearly after more than just gold.			201
5204	2	2	Resident Militia	Assets/Product/Texture/Image/UiTheatre5/UiTheatre5CluePhoto.png	504	This clue not collected	To defend themselves, the people of Whitehorse formed a militia, convinced it would shield their wealth from the angels sent to "reclaim" fallen coins.	To defend themselves, the people of Whitehorse formed a militia, convinced it would shield their wealth from the angels sent to "reclaim" fallen coins.			204
5205	2	2	Gambler in the Bar	Assets/Product/Texture/Image/UiTheatre5/UiTheatre5CluePhoto.png	504	This clue not collected	After the angels stripped the town of its lives and wealth, the gamblers only multiplied. Some, short on funds, have joined the hunt for coins spilled from passing trains, hoping to make a fortune.	After the angels stripped the town of its lives and wealth, the gamblers only multiplied. Some, short on funds, have joined the hunt for coins spilled from passing trains, hoping to make a fortune.			205
5300	1	1	Infinite Illusion Realm	Assets/Product/Texture/Image/UiTheatre5/UiTheatre5CluePhoto02.png	513	This clue not collected	A mirage within Mammon's treasure vault, capable of ensnaring all who enter.	The Infinite Illusion Realm grants fulfillment of every desire—even the former Mammon could not resist its lure. Only by relinquishing all the wealth gained inside can one escape through the exit at the golden mountain's peak.	5300	RG01205EA	300
5301	2	2	The Trapped Ones' Consciousness	Assets/Product/Texture/Image/UiTheatre5/UiTheatre5CluePhoto.png	513	This clue not collected	All soul-bearing beings within the illusion are humans or demons caught here. Though every desire can be fulfilled, over time they gradually lose their sense of self.	All soul-bearing beings within the illusion are humans or demons caught here. Though every desire can be fulfilled, over time they gradually lose their sense of self.			305
5302	2	2	Peculiar Paper Crane	Assets/Product/Texture/Image/UiTheatre5/UiTheatre5CluePhoto.png	513	This clue not collected	A beautiful white paper crane. According to a ghost within the illusion, following its path forward will eventually lead you to the answer.	A beautiful white paper crane. According to a ghost within the illusion, following its path forward will eventually lead you to the answer.			301
5303	2	2	Former Mammon	Assets/Product/Texture/Image/UiTheatre5/UiTheatre5CluePhoto.png	513	This clue not collected	The former Golden King, content with the illusion's gifts. Though he knows the way out, he chooses to remain here nonetheless.	The former Golden King, content with the illusion's gifts. Though he knows the way out, he chooses to remain here nonetheless.			302
5304	2	2	Mortal Creation	Assets/Product/Texture/Image/UiTheatre5/UiTheatre5CluePhoto.png	513	This clue not collected	Those within the illusion can freely conjure almost anything to satisfy their desires, except for living beings.	Those within the illusion can freely conjure almost anything to satisfy their desires, except for living beings.			306
5305	2	2	Conditions for Entering the Illusion	Assets/Product/Texture/Image/UiTheatre5/UiTheatre5CluePhoto.png	513	This clue not collected	Anyone who leaves the illusion by their own will can never return, by any means. Not even the current Mammon can force them back inside.	Anyone who leaves the illusion by their own will can never return, by any means. Not even the current Mammon can force them back inside.			304
5306	2	2	Spiral Graveyard	Assets/Product/Texture/Image/UiTheatre5/UiTheatre5CluePhoto.png	513	This clue not collected	A cluster of structures built by nameless ghosts within the illusion. Their creator became lost in the rapture of fulfilled desires long ago.	A cluster of structures built by nameless ghosts within the illusion. Their creator became lost in the rapture of fulfilled desires long ago.			303
6100	1	1	Battle Plan	Assets/Product/Texture/Image/UiTheatre5/UiTheatre5CluePhoto02.png	601	This clue not collected	A decisive clash with the Sanctuary demands a carefully crafted strategy.	Gray Raven and the Four Horsemen form an elite strike force, riding the Hell Train to storm the Sanctuary and slay Gabriel with Halo Bullets.	6100		200
6101	2	2	Four Horsemen	Assets/Product/Texture/Image/UiTheatre5/UiTheatre5CluePhoto.png	601	This clue not collected	The four bound to Gray Raven by a Blood Covenant wield formidable powers and stand as our mightiest force in battle.	The four bound to Gray Raven by a Blood Covenant wield formidable powers and stand as our mightiest force in battle.			203
6102	2	2	The Hell Train	Assets/Product/Texture/Image/UiTheatre5/UiTheatre5CluePhoto.png	601	This clue not collected	The Death Knight's train boasts extraordinary mobility, able to traverse nearly any route without constraint.	The Death Knight's train boasts extraordinary mobility, able to traverse nearly any route without constraint.			204
6103	2	2	Halo Cannon	Assets/Product/Texture/Image/UiTheatre5/UiTheatre5CluePhoto.png	601	This clue not collected	The Iron Army's ultimate weapon under the War Knight, unleashing Halo Bullets that can deal fatal damage to angels.	The Iron Army's ultimate weapon under the War Knight, unleashing Halo Bullets that can deal fatal damage to angels.			205
6104	2	2	Human Resistance	Assets/Product/Texture/Image/UiTheatre5/UiTheatre5CluePhoto.png	601	This clue not collected	The frontier folk have risen on their own, forming resistance forces and striking back against the angels across the land.	The frontier folk have risen on their own, forming resistance forces and striking back against the angels across the land.			202
6105	2	2	Cardinal Deity's Remains	Assets/Product/Texture/Image/UiTheatre5/UiTheatre5CluePhoto.png	601	This clue not collected	When the Pestilence Knight briefly connected with the Cardinal Deity, he sensed its remains still lingering in the Sanctuary, brimming with immense energy.	When the Pestilence Knight briefly connected with the Cardinal Deity, he sensed its remains still lingering in the Sanctuary, brimming with immense energy.			206
6106	2	2	Current Status of the Scorched Borderland	Assets/Product/Texture/Image/UiTheatre5/UiTheatre5CluePhoto.png	601	This clue not collected	The people exhaust what little strength remains as the angels' lines slowly recede—this charred land now stands ready to welcome the night.	The people exhaust what little strength remains as the angels' lines slowly recede—this charred land now stands ready to welcome the night.			201
7100	1	1	Nirvatia's Guidance	Assets/Product/Texture/Image/UiTheatre5/UiTheatre5CluePhoto02.png	700	This clue not collected	Nirvatia sent my mind into a strange world. I still don't know why.	Nirvatia is showing me a world built from her memories. It seems she wants me to understand who she used to be.	7100	RG01401BA	100
7101	2	2	Illusion-Weaving World	Assets/Product/Texture/Image/UiTheatre5/UiTheatre5CluePhoto.png	700	This clue not collected	In the illusion Nirvatia created, I saw many relics from the First Era. It seems she's showing me what the Scorched Borderland used to be.	In the illusion Nirvatia created, I saw many relics from the First Era. It seems she's showing me what the Scorched Borderland used to be.			103
7102	2	2	The Path She Walked	Assets/Product/Texture/Image/UiTheatre5/UiTheatre5CluePhoto.png	700	This clue not collected	The more I explore, the more I realize this world is not real. Everything I see is built from Nirvatia's memories.	The more I explore, the more I realize this world is not real. Everything I see is built from Nirvatia's memories.			104
7103	2	2	Invisible Boundary	Assets/Product/Texture/Image/UiTheatre5/UiTheatre5CluePhoto.png	700	This clue not collected	Only the area around the event seems clear. Try to leave, and you're snapped right back to the center in the blink of an eye.	Only the area around the event seems clear. Try to leave, and you're snapped right back to the center in the blink of an eye.			105
7104	2	2	No-Dream Syndrome	Assets/Product/Texture/Image/UiTheatre5/UiTheatre5CluePhoto.png	700	This clue not collected	Demons can't dream. In the Scorched Borderland, people use dreamcatchers to identify them, but a rare few are born with No-Dream Syndrome.	Demons can't dream. In the Scorched Borderland, people use dreamcatchers to identify them, but a rare few are born with No-Dream Syndrome.			101
7105	2	2	Narcissus Plain	Assets/Product/Texture/Image/UiTheatre5/UiTheatre5CluePhoto.png	700	This clue not collected	A legend in the Scorched Borderland says that the souls of kind people will find each other again on a plain covered in narcissus.	A legend in the Scorched Borderland says that the souls of kind people will find each other again on a plain covered in narcissus.			102
7200	1	1	Nirvatia's Past	Assets/Product/Texture/Image/UiTheatre5/UiTheatre5CluePhoto02.png	704	This clue not collected	Nirvatia's past reveals who she truly is, what drives her actions, and whether she's still capable of change.	Looking at her past, Nirvatia was never purely evil, nor entirely good. Everyone she encountered helped shape how she sees the world.	7200		200
7201	2	2	Delicate Wreath	Assets/Product/Texture/Image/UiTheatre5/UiTheatre5CluePhoto.png	704	This clue not collected	A child made this by hand as a gift, to thank Nirvatia for months of patient teaching.	A child made this by hand as a gift, to thank Nirvatia for months of patient teaching.			201
7202	2	2	Dreamcatcher	Assets/Product/Texture/Image/UiTheatre5/UiTheatre5CluePhoto.png	704	This clue not collected	This was used by fanatic demon hunters to expose demons hiding in crowds. That led directly to a conflict with Nirvatia's village.	This was used by fanatic demon hunters to expose demons hiding in crowds. That led directly to a conflict with Nirvatia's village.			202
7203	2	2	The People She Met	Assets/Product/Texture/Image/UiTheatre5/UiTheatre5CluePhoto.png	704	This clue not collected	During her time as a "witch," Nirvatia crossed paths with many humans—some pure and kind, others noble-hearted heroes.	During her time as a "witch," Nirvatia crossed paths with many humans—some pure and kind, others noble-hearted heroes.			206
7204	2	2	Iron Army Report	Assets/Product/Texture/Image/UiTheatre5/UiTheatre5CluePhoto.png	704	This clue not collected	An old report. The headline reads, "Iron Army Commander Gray Raven Mysteriously Disappears. Multiple Witnesses Claim Gray Raven Was Last Seen Traveling with a Demon Woman."	An old report. The headline reads, "Iron Army Commander Gray Raven Mysteriously Disappears. Multiple Witnesses Claim Gray Raven Was Last Seen Traveling with a Demon Woman."			204
7205	2	2	The Tribunal	Assets/Product/Texture/Image/UiTheatre5/UiTheatre5CluePhoto.png	704	This clue not collected	The Sanctuary set up this tribunal to investigate crimes. Those found guilty are executed here without mercy.	The Sanctuary set up this tribunal to investigate crimes. Those found guilty are executed here without mercy.			205
7300	1	1	Nirvatia's Purpose	Assets/Product/Texture/Image/UiTheatre5/UiTheatre5CluePhoto02.png	709	This clue not collected	Everything she went through changed the way Nirvatia acts. From that point on, she chose her current beliefs and her goal.	Nirvatia wants to become the goddess of a new world. She plans to rewrite the laws of all Three Realms and create a world that's absolutely fair.	7300	RG01404BA	300
7301	2	2	The Power to Reshape the Three Realms	Assets/Product/Texture/Image/UiTheatre5/UiTheatre5CluePhoto.png	709	This clue not collected	By seizing the power of both the Lord of Death and the Cardinal Deity, Nirvatia gained strength great enough to reshape all Three Realms.	Nirvatia plans to use Wanshi's lantern to revive the Lord of Death, then slay her using the Cardinal Deity's strength, claiming the power of both in the process.			303
7302	2	2	The Death of "Gray Raven"	Assets/Product/Texture/Image/UiTheatre5/UiTheatre5CluePhoto.png	709	This clue not collected	Thirty years ago, "Gray Raven," commander of the Iron Army, was assassinated by Demon Lord Hanpa and buried in a nameless field of flowers.	Thirty years ago, "Gray Raven," commander of the Iron Army, was assassinated by Demon Lord Hanpa and buried in a nameless field of flowers.			302
7303	2	2	The Innocent Dead	Assets/Product/Texture/Image/UiTheatre5/UiTheatre5CluePhoto.png	709	This clue not collected	Nirvatia's village had many kind people who cared for her. But after the Cataclysm, the Sanctuary accused them of colluding with demons. The angels executed every one of them.	Nirvatia's village had many kind people who cared for her. But after the Cataclysm, the Sanctuary accused them of colluding with demons. The angels executed every one of them.			301
7304	2	2	Mysterious Tavern	Assets/Product/Texture/Image/UiTheatre5/UiTheatre5CluePhoto.png	709	This clue not collected	Nirvatia's tavern, shrouded in secret rumors, gradually became a haven for rebels planning to bring down the Sanctuary, and a perfect cover for her own operations.	Nirvatia's tavern, shrouded in secret rumors, gradually became a haven for rebels planning to bring down the Sanctuary, and a perfect cover for her own operations.			306
7305	2	2	The Lord of Death's Mission	Assets/Product/Texture/Image/UiTheatre5/UiTheatre5CluePhoto.png	709	This clue not collected	The Lord of Death once made a deal with Nirvatia. In return, she was given the title "Raven of Death" and was bound to collect souls for her without end.	The Lord of Death once made a deal with Nirvatia. In return, she was given the title "Raven of Death" and was bound to collect souls for her without end.			305
7306	2	2	The Former Demon Lord	Assets/Product/Texture/Image/UiTheatre5/UiTheatre5CluePhoto.png	709	This clue not collected	Morigan was once a Demon Lord. Because he helped Nirvatia find the Lord of Death, he lost his title and all his memories. Now, he chooses to fight alongside her.	Morigan was once a Demon Lord. Because he helped Nirvatia find the Lord of Death, he lost his title and all his memories. Now, he chooses to fight alongside her.			304
