Id	ActivityId	Level	CostItemId	CostItemCount	TotalExp	IsTargetLevel
1	1	1	3	200		
2	1	2	3	200	500	
3	1	3	3	200	1000	
4	1	4	3	200	1500	
5	1	5	3	200	2000	
6	1	6	3	200	2500	
7	1	7	3	200	3000	
8	1	8	3	200	3500	
9	1	9	3	200	4000	
10	1	10	3	200	4500	1
11	1	11	3	200	5000	
12	1	12	3	200	5500	
13	1	13	3	200	6000	
14	1	14	3	200	6500	
15	1	15	3	200	7000	
16	1	16	3	200	7500	
17	1	17	3	200	8000	
18	1	18	3	200	8500	
19	1	19	3	200	9000	
20	1	20	3	200	9500	1
21	1	21	3	200	10000	
22	1	22	3	200	10500	
23	1	23	3	200	11000	
24	1	24	3	200	11500	
25	1	25	3	200	12000	
26	1	26	3	200	12500	
27	1	27	3	200	13000	
28	1	28	3	200	13500	
29	1	29	3	200	14000	
30	1	30	3	200	14500	1
31	1	31	3	200	15000	
32	1	32	3	200	15500	
33	1	33	3	200	16000	
34	1	34	3	200	16500	
35	1	35	3	200	17000	
36	1	36	3	200	17500	
37	1	37	3	200	18000	
38	1	38	3	200	18500	
39	1	39	3	200	19000	
40	1	40	3	200	19500	1
41	1	41	3	200	20000	
42	1	42	3	200	20500	
43	1	43	3	200	21000	
44	1	44	3	200	21500	
45	1	45	3	200	22000	
46	1	46	3	200	22500	
47	1	47	3	200	23000	
48	1	48	3	200	23500	
49	1	49	3	200	24000	
50	1	50	3	200	24500	1
51	2	1	3	200		
52	2	2	3	200	500	
53	2	3	3	200	1000	
54	2	4	3	200	1500	
55	2	5	3	200	2000	
56	2	6	3	200	2500	
57	2	7	3	200	3000	
58	2	8	3	200	3500	
59	2	9	3	200	4000	
60	2	10	3	200	4500	1
61	2	11	3	200	5000	
62	2	12	3	200	5500	
63	2	13	3	200	6000	
64	2	14	3	200	6500	
65	2	15	3	200	7000	
66	2	16	3	200	7500	
67	2	17	3	200	8000	
68	2	18	3	200	8500	
69	2	19	3	200	9000	
70	2	20	3	200	9500	1
71	2	21	3	200	10000	
72	2	22	3	200	10500	
73	2	23	3	200	11000	
74	2	24	3	200	11500	
75	2	25	3	200	12000	
76	2	26	3	200	12500	
77	2	27	3	200	13000	
78	2	28	3	200	13500	
79	2	29	3	200	14000	
80	2	30	3	200	14500	1
81	2	31	3	200	15000	
82	2	32	3	200	15500	
83	2	33	3	200	16000	
84	2	34	3	200	16500	
85	2	35	3	200	17000	
86	2	36	3	200	17500	
87	2	37	3	200	18000	
88	2	38	3	200	18500	
89	2	39	3	200	19000	
90	2	40	3	200	19500	1
91	2	41	3	200	20000	
92	2	42	3	200	20500	
93	2	43	3	200	21000	
94	2	44	3	200	21500	
95	2	45	3	200	22000	
96	2	46	3	200	22500	
97	2	47	3	200	23000	
98	2	48	3	200	23500	
99	2	49	3	200	24000	
100	2	50	3	200	24500	1
101	3	1	3	200		
102	3	2	3	200	500	
103	3	3	3	200	1000	
104	3	4	3	200	1500	
105	3	5	3	200	2000	
106	3	6	3	200	2500	
107	3	7	3	200	3000	
108	3	8	3	200	3500	
109	3	9	3	200	4000	
110	3	10	3	200	4500	1
111	3	11	3	200	5000	
112	3	12	3	200	5500	
113	3	13	3	200	6000	
114	3	14	3	200	6500	
115	3	15	3	200	7000	
116	3	16	3	200	7500	
117	3	17	3	200	8000	
118	3	18	3	200	8500	
119	3	19	3	200	9000	
120	3	20	3	200	9500	1
121	3	21	3	200	10000	
122	3	22	3	200	10500	
123	3	23	3	200	11000	
124	3	24	3	200	11500	
125	3	25	3	200	12000	
126	3	26	3	200	12500	
127	3	27	3	200	13000	
128	3	28	3	200	13500	
129	3	29	3	200	14000	
130	3	30	3	200	14500	1
131	3	31	3	200	15000	
132	3	32	3	200	15500	
133	3	33	3	200	16000	
134	3	34	3	200	16500	
135	3	35	3	200	17000	
136	3	36	3	200	17500	
137	3	37	3	200	18000	
138	3	38	3	200	18500	
139	3	39	3	200	19000	
140	3	40	3	200	19500	1
141	3	41	3	200	20000	
142	3	42	3	200	20500	
143	3	43	3	200	21000	
144	3	44	3	200	21500	
145	3	45	3	200	22000	
146	3	46	3	200	22500	
147	3	47	3	200	23000	
148	3	48	3	200	23500	
149	3	49	3	200	24000	
150	3	50	3	200	24500	1
151	3	51	3	200	25000	
152	3	52	3	200	25500	
153	3	53	3	200	26000	
154	3	54	3	200	26500	
155	3	55	3	200	27000	
156	3	56	3	200	27500	
157	3	57	3	200	28000	
158	3	58	3	200	28500	
159	3	59	3	200	29000	
160	3	60	3	200	29500	1
161	3	61	3	200	30000	
162	3	62	3	200	30500	
163	3	63	3	200	31000	
164	3	64	3	200	31500	
165	3	65	3	200	32000	
166	3	66	3	200	32500	
167	3	67	3	200	33000	
168	3	68	3	200	33500	
169	3	69	3	200	34000	
170	3	70	3	200	34500	1
171	3	71	3	200	35000	
172	3	72	3	200	35500	
173	3	73	3	200	36000	
174	3	74	3	200	36500	
175	3	75	3	200	37000	
176	3	76	3	200	37500	
177	3	77	3	200	38000	
178	3	78	3	200	38500	
179	3	79	3	200	39000	
180	3	80	3	200	39500	1
181	4	1	3	200		
182	4	2	3	200	500	
183	4	3	3	200	1000	
184	4	4	3	200	1500	
185	4	5	3	200	2000	
186	4	6	3	200	2500	
187	4	7	3	200	3000	
188	4	8	3	200	3500	
189	4	9	3	200	4000	
190	4	10	3	200	4500	1
191	4	11	3	200	5000	
192	4	12	3	200	5500	
193	4	13	3	200	6000	
194	4	14	3	200	6500	
195	4	15	3	200	7000	
196	4	16	3	200	7500	
197	4	17	3	200	8000	
198	4	18	3	200	8500	
199	4	19	3	200	9000	
200	4	20	3	200	9500	1
201	4	21	3	200	10000	
202	4	22	3	200	10500	
203	4	23	3	200	11000	
204	4	24	3	200	11500	
205	4	25	3	200	12000	
206	4	26	3	200	12500	
207	4	27	3	200	13000	
208	4	28	3	200	13500	
209	4	29	3	200	14000	
210	4	30	3	200	14500	1
211	4	31	3	200	15000	
212	4	32	3	200	15500	
213	4	33	3	200	16000	
214	4	34	3	200	16500	
215	4	35	3	200	17000	
216	4	36	3	200	17500	
217	4	37	3	200	18000	
218	4	38	3	200	18500	
219	4	39	3	200	19000	
220	4	40	3	200	19500	1
221	4	41	3	200	20000	
222	4	42	3	200	20500	
223	4	43	3	200	21000	
224	4	44	3	200	21500	
225	4	45	3	200	22000	
226	4	46	3	200	22500	
227	4	47	3	200	23000	
228	4	48	3	200	23500	
229	4	49	3	200	24000	
230	4	50	3	200	24500	1
231	4	51	3	200	25000	
232	4	52	3	200	25500	
233	4	53	3	200	26000	
234	4	54	3	200	26500	
235	4	55	3	200	27000	
236	4	56	3	200	27500	
237	4	57	3	200	28000	
238	4	58	3	200	28500	
239	4	59	3	200	29000	
240	4	60	3	200	29500	1
241	4	61	3	200	30000	
242	4	62	3	200	30500	
243	4	63	3	200	31000	
244	4	64	3	200	31500	
245	4	65	3	200	32000	
246	4	66	3	200	32500	
247	4	67	3	200	33000	
248	4	68	3	200	33500	
249	4	69	3	200	34000	
250	4	70	3	200	34500	1
251	4	71	3	200	35000	
252	4	72	3	200	35500	
253	4	73	3	200	36000	
254	4	74	3	200	36500	
255	4	75	3	200	37000	
256	4	76	3	200	37500	
257	4	77	3	200	38000	
258	4	78	3	200	38500	
259	4	79	3	200	39000	
260	4	80	3	200	39500	1
261	5	1	3	200		
262	5	2	3	200	500	
263	5	3	3	200	1000	
264	5	4	3	200	1500	
265	5	5	3	200	2000	
266	5	6	3	200	2500	
267	5	7	3	200	3000	
268	5	8	3	200	3500	
269	5	9	3	200	4000	
270	5	10	3	200	4500	1
271	5	11	3	200	5000	
272	5	12	3	200	5500	
273	5	13	3	200	6000	
274	5	14	3	200	6500	
275	5	15	3	200	7000	
276	5	16	3	200	7500	
277	5	17	3	200	8000	
278	5	18	3	200	8500	
279	5	19	3	200	9000	
280	5	20	3	200	9500	1
281	5	21	3	200	10000	
282	5	22	3	200	10500	
283	5	23	3	200	11000	
284	5	24	3	200	11500	
285	5	25	3	200	12000	
286	5	26	3	200	12500	
287	5	27	3	200	13000	
288	5	28	3	200	13500	
289	5	29	3	200	14000	
290	5	30	3	200	14500	1
291	5	31	3	200	15000	
292	5	32	3	200	15500	
293	5	33	3	200	16000	
294	5	34	3	200	16500	
295	5	35	3	200	17000	
296	5	36	3	200	17500	
297	5	37	3	200	18000	
298	5	38	3	200	18500	
299	5	39	3	200	19000	
300	5	40	3	200	19500	1
301	5	41	3	200	20000	
302	5	42	3	200	20500	
303	5	43	3	200	21000	
304	5	44	3	200	21500	
305	5	45	3	200	22000	
306	5	46	3	200	22500	
307	5	47	3	200	23000	
308	5	48	3	200	23500	
309	5	49	3	200	24000	
310	5	50	3	200	24500	1
311	5	51	3	200	25000	
312	5	52	3	200	25500	
313	5	53	3	200	26000	
314	5	54	3	200	26500	
315	5	55	3	200	27000	
316	5	56	3	200	27500	
317	5	57	3	200	28000	
318	5	58	3	200	28500	
319	5	59	3	200	29000	
320	5	60	3	200	29500	1
321	5	61	3	200	30000	
322	5	62	3	200	30500	
323	5	63	3	200	31000	
324	5	64	3	200	31500	
325	5	65	3	200	32000	
326	5	66	3	200	32500	
327	5	67	3	200	33000	
328	5	68	3	200	33500	
329	5	69	3	200	34000	
330	5	70	3	200	34500	1
331	5	71	3	200	35000	
332	5	72	3	200	35500	
333	5	73	3	200	36000	
334	5	74	3	200	36500	
335	5	75	3	200	37000	
336	5	76	3	200	37500	
337	5	77	3	200	38000	
338	5	78	3	200	38500	
339	5	79	3	200	39000	
340	5	80	3	200	39500	1
341	6	1	3	200		
342	6	2	3	200	500	
343	6	3	3	200	1000	
344	6	4	3	200	1500	
345	6	5	3	200	2000	
346	6	6	3	200	2500	
347	6	7	3	200	3000	
348	6	8	3	200	3500	
349	6	9	3	200	4000	
350	6	10	3	200	4500	1
351	6	11	3	200	5000	
352	6	12	3	200	5500	
353	6	13	3	200	6000	
354	6	14	3	200	6500	
355	6	15	3	200	7000	
356	6	16	3	200	7500	
357	6	17	3	200	8000	
358	6	18	3	200	8500	
359	6	19	3	200	9000	
360	6	20	3	200	9500	1
361	6	21	3	200	10000	
362	6	22	3	200	10500	
363	6	23	3	200	11000	
364	6	24	3	200	11500	
365	6	25	3	200	12000	
366	6	26	3	200	12500	
367	6	27	3	200	13000	
368	6	28	3	200	13500	
369	6	29	3	200	14000	
370	6	30	3	200	14500	1
371	6	31	3	200	15000	
372	6	32	3	200	15500	
373	6	33	3	200	16000	
374	6	34	3	200	16500	
375	6	35	3	200	17000	
376	6	36	3	200	17500	
377	6	37	3	200	18000	
378	6	38	3	200	18500	
379	6	39	3	200	19000	
380	6	40	3	200	19500	1
381	6	41	3	200	20000	
382	6	42	3	200	20500	
383	6	43	3	200	21000	
384	6	44	3	200	21500	
385	6	45	3	200	22000	
386	6	46	3	200	22500	
387	6	47	3	200	23000	
388	6	48	3	200	23500	
389	6	49	3	200	24000	
390	6	50	3	200	24500	1
391	6	51	3	200	25000	
392	6	52	3	200	25500	
393	6	53	3	200	26000	
394	6	54	3	200	26500	
395	6	55	3	200	27000	
396	6	56	3	200	27500	
397	6	57	3	200	28000	
398	6	58	3	200	28500	
399	6	59	3	200	29000	
400	6	60	3	200	29500	1
401	6	61	3	200	30000	
402	6	62	3	200	30500	
403	6	63	3	200	31000	
404	6	64	3	200	31500	
405	6	65	3	200	32000	
406	6	66	3	200	32500	
407	6	67	3	200	33000	
408	6	68	3	200	33500	
409	6	69	3	200	34000	
410	6	70	3	200	34500	1
411	6	71	3	200	35000	
412	6	72	3	200	35500	
413	6	73	3	200	36000	
414	6	74	3	200	36500	
415	6	75	3	200	37000	
416	6	76	3	200	37500	
417	6	77	3	200	38000	
418	6	78	3	200	38500	
419	6	79	3	200	39000	
420	6	80	3	200	39500	1
421	7	1	3	200		
422	7	2	3	200	500	
423	7	3	3	200	1000	
424	7	4	3	200	1500	
425	7	5	3	200	2000	
426	7	6	3	200	2500	
427	7	7	3	200	3000	
428	7	8	3	200	3500	
429	7	9	3	200	4000	
430	7	10	3	200	4500	1
431	7	11	3	200	5000	
432	7	12	3	200	5500	
433	7	13	3	200	6000	
434	7	14	3	200	6500	
435	7	15	3	200	7000	
436	7	16	3	200	7500	
437	7	17	3	200	8000	
438	7	18	3	200	8500	
439	7	19	3	200	9000	
440	7	20	3	200	9500	1
441	7	21	3	200	10000	
442	7	22	3	200	10500	
443	7	23	3	200	11000	
444	7	24	3	200	11500	
445	7	25	3	200	12000	
446	7	26	3	200	12500	
447	7	27	3	200	13000	
448	7	28	3	200	13500	
449	7	29	3	200	14000	
450	7	30	3	200	14500	1
451	7	31	3	200	15000	
452	7	32	3	200	15500	
453	7	33	3	200	16000	
454	7	34	3	200	16500	
455	7	35	3	200	17000	
456	7	36	3	200	17500	
457	7	37	3	200	18000	
458	7	38	3	200	18500	
459	7	39	3	200	19000	
460	7	40	3	200	19500	1
461	7	41	3	200	20000	
462	7	42	3	200	20500	
463	7	43	3	200	21000	
464	7	44	3	200	21500	
465	7	45	3	200	22000	
466	7	46	3	200	22500	
467	7	47	3	200	23000	
468	7	48	3	200	23500	
469	7	49	3	200	24000	
470	7	50	3	200	24500	1
471	7	51	3	200	25000	
472	7	52	3	200	25500	
473	7	53	3	200	26000	
474	7	54	3	200	26500	
475	7	55	3	200	27000	
476	7	56	3	200	27500	
477	7	57	3	200	28000	
478	7	58	3	200	28500	
479	7	59	3	200	29000	
480	7	60	3	200	29500	1
481	7	61	3	200	30000	
482	7	62	3	200	30500	
483	7	63	3	200	31000	
484	7	64	3	200	31500	
485	7	65	3	200	32000	
486	7	66	3	200	32500	
487	7	67	3	200	33000	
488	7	68	3	200	33500	
489	7	69	3	200	34000	
490	7	70	3	200	34500	1
491	7	71	3	200	35000	
492	7	72	3	200	35500	
493	7	73	3	200	36000	
494	7	74	3	200	36500	
495	7	75	3	200	37000	
496	7	76	3	200	37500	
497	7	77	3	200	38000	
498	7	78	3	200	38500	
499	7	79	3	200	39000	
500	7	80	3	200	39500	1
501	8	1	3	200		
502	8	2	3	200	500	
503	8	3	3	200	1000	
504	8	4	3	200	1500	
505	8	5	3	200	2000	
506	8	6	3	200	2500	
507	8	7	3	200	3000	
508	8	8	3	200	3500	
509	8	9	3	200	4000	
510	8	10	3	200	4500	1
511	8	11	3	200	5000	
512	8	12	3	200	5500	
513	8	13	3	200	6000	
514	8	14	3	200	6500	
515	8	15	3	200	7000	
516	8	16	3	200	7500	
517	8	17	3	200	8000	
518	8	18	3	200	8500	
519	8	19	3	200	9000	
520	8	20	3	200	9500	1
521	8	21	3	200	10000	
522	8	22	3	200	10500	
523	8	23	3	200	11000	
524	8	24	3	200	11500	
525	8	25	3	200	12000	
526	8	26	3	200	12500	
527	8	27	3	200	13000	
528	8	28	3	200	13500	
529	8	29	3	200	14000	
530	8	30	3	200	14500	1
531	8	31	3	200	15000	
532	8	32	3	200	15500	
533	8	33	3	200	16000	
534	8	34	3	200	16500	
535	8	35	3	200	17000	
536	8	36	3	200	17500	
537	8	37	3	200	18000	
538	8	38	3	200	18500	
539	8	39	3	200	19000	
540	8	40	3	200	19500	1
541	8	41	3	200	20000	
542	8	42	3	200	20500	
543	8	43	3	200	21000	
544	8	44	3	200	21500	
545	8	45	3	200	22000	
546	8	46	3	200	22500	
547	8	47	3	200	23000	
548	8	48	3	200	23500	
549	8	49	3	200	24000	
550	8	50	3	200	24500	1
551	8	51	3	200	25000	
552	8	52	3	200	25500	
553	8	53	3	200	26000	
554	8	54	3	200	26500	
555	8	55	3	200	27000	
556	8	56	3	200	27500	
557	8	57	3	200	28000	
558	8	58	3	200	28500	
559	8	59	3	200	29000	
560	8	60	3	200	29500	1
561	8	61	3	200	30000	
562	8	62	3	200	30500	
563	8	63	3	200	31000	
564	8	64	3	200	31500	
565	8	65	3	200	32000	
566	8	66	3	200	32500	
567	8	67	3	200	33000	
568	8	68	3	200	33500	
569	8	69	3	200	34000	
570	8	70	3	200	34500	1
571	8	71	3	200	35000	
572	8	72	3	200	35500	
573	8	73	3	200	36000	
574	8	74	3	200	36500	
575	8	75	3	200	37000	
576	8	76	3	200	37500	
577	8	77	3	200	38000	
578	8	78	3	200	38500	
579	8	79	3	200	39000	
580	8	80	3	200	39500	1
581	9	1	3	200		
582	9	2	3	200	500	
583	9	3	3	200	1000	
584	9	4	3	200	1500	
585	9	5	3	200	2000	
586	9	6	3	200	2500	
587	9	7	3	200	3000	
588	9	8	3	200	3500	
589	9	9	3	200	4000	
590	9	10	3	200	4500	1
591	9	11	3	200	5000	
592	9	12	3	200	5500	
593	9	13	3	200	6000	
594	9	14	3	200	6500	
595	9	15	3	200	7000	
596	9	16	3	200	7500	
597	9	17	3	200	8000	
598	9	18	3	200	8500	
599	9	19	3	200	9000	
600	9	20	3	200	9500	1
601	9	21	3	200	10000	
602	9	22	3	200	10500	
603	9	23	3	200	11000	
604	9	24	3	200	11500	
605	9	25	3	200	12000	
606	9	26	3	200	12500	
607	9	27	3	200	13000	
608	9	28	3	200	13500	
609	9	29	3	200	14000	
610	9	30	3	200	14500	1
611	9	31	3	200	15000	
612	9	32	3	200	15500	
613	9	33	3	200	16000	
614	9	34	3	200	16500	
615	9	35	3	200	17000	
616	9	36	3	200	17500	
617	9	37	3	200	18000	
618	9	38	3	200	18500	
619	9	39	3	200	19000	
620	9	40	3	200	19500	1
621	9	41	3	200	20000	
622	9	42	3	200	20500	
623	9	43	3	200	21000	
624	9	44	3	200	21500	
625	9	45	3	200	22000	
626	9	46	3	200	22500	
627	9	47	3	200	23000	
628	9	48	3	200	23500	
629	9	49	3	200	24000	
630	9	50	3	200	24500	1
631	9	51	3	200	25000	
632	9	52	3	200	25500	
633	9	53	3	200	26000	
634	9	54	3	200	26500	
635	9	55	3	200	27000	
636	9	56	3	200	27500	
637	9	57	3	200	28000	
638	9	58	3	200	28500	
639	9	59	3	200	29000	
640	9	60	3	200	29500	1
641	9	61	3	200	30000	
642	9	62	3	200	30500	
643	9	63	3	200	31000	
644	9	64	3	200	31500	
645	9	65	3	200	32000	
646	9	66	3	200	32500	
647	9	67	3	200	33000	
648	9	68	3	200	33500	
649	9	69	3	200	34000	
650	9	70	3	200	34500	1
651	9	71	3	200	35000	
652	9	72	3	200	35500	
653	9	73	3	200	36000	
654	9	74	3	200	36500	
655	9	75	3	200	37000	
656	9	76	3	200	37500	
657	9	77	3	200	38000	
658	9	78	3	200	38500	
659	9	79	3	200	39000	
660	9	80	3	200	39500	1
661	10	1	3	200		
662	10	2	3	200	500	
663	10	3	3	200	1000	
664	10	4	3	200	1500	
665	10	5	3	200	2000	
666	10	6	3	200	2500	
667	10	7	3	200	3000	
668	10	8	3	200	3500	
669	10	9	3	200	4000	
670	10	10	3	200	4500	1
671	10	11	3	200	5000	
672	10	12	3	200	5500	
673	10	13	3	200	6000	
674	10	14	3	200	6500	
675	10	15	3	200	7000	
676	10	16	3	200	7500	
677	10	17	3	200	8000	
678	10	18	3	200	8500	
679	10	19	3	200	9000	
680	10	20	3	200	9500	1
681	10	21	3	200	10000	
682	10	22	3	200	10500	
683	10	23	3	200	11000	
684	10	24	3	200	11500	
685	10	25	3	200	12000	
686	10	26	3	200	12500	
687	10	27	3	200	13000	
688	10	28	3	200	13500	
689	10	29	3	200	14000	
690	10	30	3	200	14500	1
691	10	31	3	200	15000	
692	10	32	3	200	15500	
693	10	33	3	200	16000	
694	10	34	3	200	16500	
695	10	35	3	200	17000	
696	10	36	3	200	17500	
697	10	37	3	200	18000	
698	10	38	3	200	18500	
699	10	39	3	200	19000	
700	10	40	3	200	19500	1
701	10	41	3	200	20000	
702	10	42	3	200	20500	
703	10	43	3	200	21000	
704	10	44	3	200	21500	
705	10	45	3	200	22000	
706	10	46	3	200	22500	
707	10	47	3	200	23000	
708	10	48	3	200	23500	
709	10	49	3	200	24000	
710	10	50	3	200	24500	1
711	10	51	3	200	25000	
712	10	52	3	200	25500	
713	10	53	3	200	26000	
714	10	54	3	200	26500	
715	10	55	3	200	27000	
716	10	56	3	200	27500	
717	10	57	3	200	28000	
718	10	58	3	200	28500	
719	10	59	3	200	29000	
720	10	60	3	200	29500	1
721	10	61	3	200	30000	
722	10	62	3	200	30500	
723	10	63	3	200	31000	
724	10	64	3	200	31500	
725	10	65	3	200	32000	
726	10	66	3	200	32500	
727	10	67	3	200	33000	
728	10	68	3	200	33500	
729	10	69	3	200	34000	
730	10	70	3	200	34500	1
731	10	71	3	200	35000	
732	10	72	3	200	35500	
733	10	73	3	200	36000	
734	10	74	3	200	36500	
735	10	75	3	200	37000	
736	10	76	3	200	37500	
737	10	77	3	200	38000	
738	10	78	3	200	38500	
739	10	79	3	200	39000	
740	10	80	3	200	39500	1
741	11	1	3	200		
742	11	2	3	200	500	
743	11	3	3	200	1000	
744	11	4	3	200	1500	
745	11	5	3	200	2000	
746	11	6	3	200	2500	
747	11	7	3	200	3000	
748	11	8	3	200	3500	
749	11	9	3	200	4000	
750	11	10	3	200	4500	1
751	11	11	3	200	5000	
752	11	12	3	200	5500	
753	11	13	3	200	6000	
754	11	14	3	200	6500	
755	11	15	3	200	7000	
756	11	16	3	200	7500	
757	11	17	3	200	8000	
758	11	18	3	200	8500	
759	11	19	3	200	9000	
760	11	20	3	200	9500	1
761	11	21	3	200	10000	
762	11	22	3	200	10500	
763	11	23	3	200	11000	
764	11	24	3	200	11500	
765	11	25	3	200	12000	
766	11	26	3	200	12500	
767	11	27	3	200	13000	
768	11	28	3	200	13500	
769	11	29	3	200	14000	
770	11	30	3	200	14500	1
771	11	31	3	200	15000	
772	11	32	3	200	15500	
773	11	33	3	200	16000	
774	11	34	3	200	16500	
775	11	35	3	200	17000	
776	11	36	3	200	17500	
777	11	37	3	200	18000	
778	11	38	3	200	18500	
779	11	39	3	200	19000	
780	11	40	3	200	19500	1
781	11	41	3	200	20000	
782	11	42	3	200	20500	
783	11	43	3	200	21000	
784	11	44	3	200	21500	
785	11	45	3	200	22000	
786	11	46	3	200	22500	
787	11	47	3	200	23000	
788	11	48	3	200	23500	
789	11	49	3	200	24000	
790	11	50	3	200	24500	1
791	11	51	3	200	25000	
792	11	52	3	200	25500	
793	11	53	3	200	26000	
794	11	54	3	200	26500	
795	11	55	3	200	27000	
796	11	56	3	200	27500	
797	11	57	3	200	28000	
798	11	58	3	200	28500	
799	11	59	3	200	29000	
800	11	60	3	200	29500	1
801	11	61	3	200	30000	
802	11	62	3	200	30500	
803	11	63	3	200	31000	
804	11	64	3	200	31500	
805	11	65	3	200	32000	
806	11	66	3	200	32500	
807	11	67	3	200	33000	
808	11	68	3	200	33500	
809	11	69	3	200	34000	
810	11	70	3	200	34500	1
811	11	71	3	200	35000	
812	11	72	3	200	35500	
813	11	73	3	200	36000	
814	11	74	3	200	36500	
815	11	75	3	200	37000	
816	11	76	3	200	37500	
817	11	77	3	200	38000	
818	11	78	3	200	38500	
819	11	79	3	200	39000	
820	11	80	3	200	39500	1
821	12	1	3	200		
822	12	2	3	200	500	
823	12	3	3	200	1000	
824	12	4	3	200	1500	
825	12	5	3	200	2000	
826	12	6	3	200	2500	
827	12	7	3	200	3000	
828	12	8	3	200	3500	
829	12	9	3	200	4000	
830	12	10	3	200	4500	1
831	12	11	3	200	5000	
832	12	12	3	200	5500	
833	12	13	3	200	6000	
834	12	14	3	200	6500	
835	12	15	3	200	7000	
836	12	16	3	200	7500	
837	12	17	3	200	8000	
838	12	18	3	200	8500	
839	12	19	3	200	9000	
840	12	20	3	200	9500	1
841	12	21	3	200	10000	
842	12	22	3	200	10500	
843	12	23	3	200	11000	
844	12	24	3	200	11500	
845	12	25	3	200	12000	
846	12	26	3	200	12500	
847	12	27	3	200	13000	
848	12	28	3	200	13500	
849	12	29	3	200	14000	
850	12	30	3	200	14500	1
851	12	31	3	200	15000	
852	12	32	3	200	15500	
853	12	33	3	200	16000	
854	12	34	3	200	16500	
855	12	35	3	200	17000	
856	12	36	3	200	17500	
857	12	37	3	200	18000	
858	12	38	3	200	18500	
859	12	39	3	200	19000	
860	12	40	3	200	19500	1
861	12	41	3	200	20000	
862	12	42	3	200	20500	
863	12	43	3	200	21000	
864	12	44	3	200	21500	
865	12	45	3	200	22000	
866	12	46	3	200	22500	
867	12	47	3	200	23000	
868	12	48	3	200	23500	
869	12	49	3	200	24000	
870	12	50	3	200	24500	1
871	12	51	3	200	25000	
872	12	52	3	200	25500	
873	12	53	3	200	26000	
874	12	54	3	200	26500	
875	12	55	3	200	27000	
876	12	56	3	200	27500	
877	12	57	3	200	28000	
878	12	58	3	200	28500	
879	12	59	3	200	29000	
880	12	60	3	200	29500	1
881	12	61	3	200	30000	
882	12	62	3	200	30500	
883	12	63	3	200	31000	
884	12	64	3	200	31500	
885	12	65	3	200	32000	
886	12	66	3	200	32500	
887	12	67	3	200	33000	
888	12	68	3	200	33500	
889	12	69	3	200	34000	
890	12	70	3	200	34500	1
891	12	71	3	200	35000	
892	12	72	3	200	35500	
893	12	73	3	200	36000	
894	12	74	3	200	36500	
895	12	75	3	200	37000	
896	12	76	3	200	37500	
897	12	77	3	200	38000	
898	12	78	3	200	38500	
899	12	79	3	200	39000	
900	12	80	3	200	39500	1
901	13	1	3	200		
902	13	2	3	200	500	
903	13	3	3	200	1000	
904	13	4	3	200	1500	
905	13	5	3	200	2000	
906	13	6	3	200	2500	
907	13	7	3	200	3000	
908	13	8	3	200	3500	
909	13	9	3	200	4000	
910	13	10	3	200	4500	1
911	13	11	3	200	5000	
912	13	12	3	200	5500	
913	13	13	3	200	6000	
914	13	14	3	200	6500	
915	13	15	3	200	7000	
916	13	16	3	200	7500	
917	13	17	3	200	8000	
918	13	18	3	200	8500	
919	13	19	3	200	9000	
920	13	20	3	200	9500	1
921	13	21	3	200	10000	
922	13	22	3	200	10500	
923	13	23	3	200	11000	
924	13	24	3	200	11500	
925	13	25	3	200	12000	
926	13	26	3	200	12500	
927	13	27	3	200	13000	
928	13	28	3	200	13500	
929	13	29	3	200	14000	
930	13	30	3	200	14500	1
931	13	31	3	200	15000	
932	13	32	3	200	15500	
933	13	33	3	200	16000	
934	13	34	3	200	16500	
935	13	35	3	200	17000	
936	13	36	3	200	17500	
937	13	37	3	200	18000	
938	13	38	3	200	18500	
939	13	39	3	200	19000	
940	13	40	3	200	19500	1
941	13	41	3	200	20000	
942	13	42	3	200	20500	
943	13	43	3	200	21000	
944	13	44	3	200	21500	
945	13	45	3	200	22000	
946	13	46	3	200	22500	
947	13	47	3	200	23000	
948	13	48	3	200	23500	
949	13	49	3	200	24000	
950	13	50	3	200	24500	1
951	13	51	3	200	25000	
952	13	52	3	200	25500	
953	13	53	3	200	26000	
954	13	54	3	200	26500	
955	13	55	3	200	27000	
956	13	56	3	200	27500	
957	13	57	3	200	28000	
958	13	58	3	200	28500	
959	13	59	3	200	29000	
960	13	60	3	200	29500	1
961	13	61	3	200	30000	
962	13	62	3	200	30500	
963	13	63	3	200	31000	
964	13	64	3	200	31500	
965	13	65	3	200	32000	
966	13	66	3	200	32500	
967	13	67	3	200	33000	
968	13	68	3	200	33500	
969	13	69	3	200	34000	
970	13	70	3	200	34500	1
971	13	71	3	200	35000	
972	13	72	3	200	35500	
973	13	73	3	200	36000	
974	13	74	3	200	36500	
975	13	75	3	200	37000	
976	13	76	3	200	37500	
977	13	77	3	200	38000	
978	13	78	3	200	38500	
979	13	79	3	200	39000	
980	13	80	3	200	39500	1
981	14	1	3	200		
982	14	2	3	200	500	
983	14	3	3	200	1000	
984	14	4	3	200	1500	
985	14	5	3	200	2000	
986	14	6	3	200	2500	
987	14	7	3	200	3000	
988	14	8	3	200	3500	
989	14	9	3	200	4000	
990	14	10	3	200	4500	1
991	14	11	3	200	5000	
992	14	12	3	200	5500	
993	14	13	3	200	6000	
994	14	14	3	200	6500	
995	14	15	3	200	7000	
996	14	16	3	200	7500	
997	14	17	3	200	8000	
998	14	18	3	200	8500	
999	14	19	3	200	9000	
1000	14	20	3	200	9500	1
1001	14	21	3	200	10000	
1002	14	22	3	200	10500	
1003	14	23	3	200	11000	
1004	14	24	3	200	11500	
1005	14	25	3	200	12000	
1006	14	26	3	200	12500	
1007	14	27	3	200	13000	
1008	14	28	3	200	13500	
1009	14	29	3	200	14000	
1010	14	30	3	200	14500	1
1011	14	31	3	200	15000	
1012	14	32	3	200	15500	
1013	14	33	3	200	16000	
1014	14	34	3	200	16500	
1015	14	35	3	200	17000	
1016	14	36	3	200	17500	
1017	14	37	3	200	18000	
1018	14	38	3	200	18500	
1019	14	39	3	200	19000	
1020	14	40	3	200	19500	1
1021	14	41	3	200	20000	
1022	14	42	3	200	20500	
1023	14	43	3	200	21000	
1024	14	44	3	200	21500	
1025	14	45	3	200	22000	
1026	14	46	3	200	22500	
1027	14	47	3	200	23000	
1028	14	48	3	200	23500	
1029	14	49	3	200	24000	
1030	14	50	3	200	24500	1
1031	14	51	3	200	25000	
1032	14	52	3	200	25500	
1033	14	53	3	200	26000	
1034	14	54	3	200	26500	
1035	14	55	3	200	27000	
1036	14	56	3	200	27500	
1037	14	57	3	200	28000	
1038	14	58	3	200	28500	
1039	14	59	3	200	29000	
1040	14	60	3	200	29500	1
1041	14	61	3	200	30000	
1042	14	62	3	200	30500	
1043	14	63	3	200	31000	
1044	14	64	3	200	31500	
1045	14	65	3	200	32000	
1046	14	66	3	200	32500	
1047	14	67	3	200	33000	
1048	14	68	3	200	33500	
1049	14	69	3	200	34000	
1050	14	70	3	200	34500	1
1051	14	71	3	200	35000	
1052	14	72	3	200	35500	
1053	14	73	3	200	36000	
1054	14	74	3	200	36500	
1055	14	75	3	200	37000	
1056	14	76	3	200	37500	
1057	14	77	3	200	38000	
1058	14	78	3	200	38500	
1059	14	79	3	200	39000	
1060	14	80	3	200	39500	1
1061	15	1	3	200		
1062	15	2	3	200	500	
1063	15	3	3	200	1000	
1064	15	4	3	200	1500	
1065	15	5	3	200	2000	
1066	15	6	3	200	2500	
1067	15	7	3	200	3000	
1068	15	8	3	200	3500	
1069	15	9	3	200	4000	
1070	15	10	3	200	4500	1
1071	15	11	3	200	5000	
1072	15	12	3	200	5500	
1073	15	13	3	200	6000	
1074	15	14	3	200	6500	
1075	15	15	3	200	7000	
1076	15	16	3	200	7500	
1077	15	17	3	200	8000	
1078	15	18	3	200	8500	
1079	15	19	3	200	9000	
1080	15	20	3	200	9500	1
1081	15	21	3	200	10000	
1082	15	22	3	200	10500	
1083	15	23	3	200	11000	
1084	15	24	3	200	11500	
1085	15	25	3	200	12000	
1086	15	26	3	200	12500	
1087	15	27	3	200	13000	
1088	15	28	3	200	13500	
1089	15	29	3	200	14000	
1090	15	30	3	200	14500	1
1091	15	31	3	200	15000	
1092	15	32	3	200	15500	
1093	15	33	3	200	16000	
1094	15	34	3	200	16500	
1095	15	35	3	200	17000	
1096	15	36	3	200	17500	
1097	15	37	3	200	18000	
1098	15	38	3	200	18500	
1099	15	39	3	200	19000	
1100	15	40	3	200	19500	1
1101	15	41	3	200	20000	
1102	15	42	3	200	20500	
1103	15	43	3	200	21000	
1104	15	44	3	200	21500	
1105	15	45	3	200	22000	
1106	15	46	3	200	22500	
1107	15	47	3	200	23000	
1108	15	48	3	200	23500	
1109	15	49	3	200	24000	
1110	15	50	3	200	24500	1
1111	15	51	3	200	25000	
1112	15	52	3	200	25500	
1113	15	53	3	200	26000	
1114	15	54	3	200	26500	
1115	15	55	3	200	27000	
1116	15	56	3	200	27500	
1117	15	57	3	200	28000	
1118	15	58	3	200	28500	
1119	15	59	3	200	29000	
1120	15	60	3	200	29500	1
1121	15	61	3	200	30000	
1122	15	62	3	200	30500	
1123	15	63	3	200	31000	
1124	15	64	3	200	31500	
1125	15	65	3	200	32000	
1126	15	66	3	200	32500	
1127	15	67	3	200	33000	
1128	15	68	3	200	33500	
1129	15	69	3	200	34000	
1130	15	70	3	200	34500	1
1131	15	71	3	200	35000	
1132	15	72	3	200	35500	
1133	15	73	3	200	36000	
1134	15	74	3	200	36500	
1135	15	75	3	200	37000	
1136	15	76	3	200	37500	
1137	15	77	3	200	38000	
1138	15	78	3	200	38500	
1139	15	79	3	200	39000	
1140	15	80	3	200	39500	1
1141	16	1	3	200		
1142	16	2	3	200	500	
1143	16	3	3	200	1000	
1144	16	4	3	200	1500	
1145	16	5	3	200	2000	
1146	16	6	3	200	2500	
1147	16	7	3	200	3000	
1148	16	8	3	200	3500	
1149	16	9	3	200	4000	
1150	16	10	3	200	4500	1
1151	16	11	3	200	5000	
1152	16	12	3	200	5500	
1153	16	13	3	200	6000	
1154	16	14	3	200	6500	
1155	16	15	3	200	7000	
1156	16	16	3	200	7500	
1157	16	17	3	200	8000	
1158	16	18	3	200	8500	
1159	16	19	3	200	9000	
1160	16	20	3	200	9500	1
1161	16	21	3	200	10000	
1162	16	22	3	200	10500	
1163	16	23	3	200	11000	
1164	16	24	3	200	11500	
1165	16	25	3	200	12000	
1166	16	26	3	200	12500	
1167	16	27	3	200	13000	
1168	16	28	3	200	13500	
1169	16	29	3	200	14000	
1170	16	30	3	200	14500	1
1171	16	31	3	200	15000	
1172	16	32	3	200	15500	
1173	16	33	3	200	16000	
1174	16	34	3	200	16500	
1175	16	35	3	200	17000	
1176	16	36	3	200	17500	
1177	16	37	3	200	18000	
1178	16	38	3	200	18500	
1179	16	39	3	200	19000	
1180	16	40	3	200	19500	1
1181	16	41	3	200	20000	
1182	16	42	3	200	20500	
1183	16	43	3	200	21000	
1184	16	44	3	200	21500	
1185	16	45	3	200	22000	
1186	16	46	3	200	22500	
1187	16	47	3	200	23000	
1188	16	48	3	200	23500	
1189	16	49	3	200	24000	
1190	16	50	3	200	24500	1
1191	16	51	3	200	25000	
1192	16	52	3	200	25500	
1193	16	53	3	200	26000	
1194	16	54	3	200	26500	
1195	16	55	3	200	27000	
1196	16	56	3	200	27500	
1197	16	57	3	200	28000	
1198	16	58	3	200	28500	
1199	16	59	3	200	29000	
1200	16	60	3	200	29500	1
1201	16	61	3	200	30000	
1202	16	62	3	200	30500	
1203	16	63	3	200	31000	
1204	16	64	3	200	31500	
1205	16	65	3	200	32000	
1206	16	66	3	200	32500	
1207	16	67	3	200	33000	
1208	16	68	3	200	33500	
1209	16	69	3	200	34000	
1210	16	70	3	200	34500	1
1211	16	71	3	200	35000	
1212	16	72	3	200	35500	
1213	16	73	3	200	36000	
1214	16	74	3	200	36500	
1215	16	75	3	200	37000	
1216	16	76	3	200	37500	
1217	16	77	3	200	38000	
1218	16	78	3	200	38500	
1219	16	79	3	200	39000	
1220	16	80	3	200	39500	1
1221	17	1	3	200		
1222	17	2	3	200	500	
1223	17	3	3	200	1000	
1224	17	4	3	200	1500	
1225	17	5	3	200	2000	
1226	17	6	3	200	2500	
1227	17	7	3	200	3000	
1228	17	8	3	200	3500	
1229	17	9	3	200	4000	
1230	17	10	3	200	4500	1
1231	17	11	3	200	5000	
1232	17	12	3	200	5500	
1233	17	13	3	200	6000	
1234	17	14	3	200	6500	
1235	17	15	3	200	7000	
1236	17	16	3	200	7500	
1237	17	17	3	200	8000	
1238	17	18	3	200	8500	
1239	17	19	3	200	9000	
1240	17	20	3	200	9500	1
1241	17	21	3	200	10000	
1242	17	22	3	200	10500	
1243	17	23	3	200	11000	
1244	17	24	3	200	11500	
1245	17	25	3	200	12000	
1246	17	26	3	200	12500	
1247	17	27	3	200	13000	
1248	17	28	3	200	13500	
1249	17	29	3	200	14000	
1250	17	30	3	200	14500	1
1251	17	31	3	200	15000	
1252	17	32	3	200	15500	
1253	17	33	3	200	16000	
1254	17	34	3	200	16500	
1255	17	35	3	200	17000	
1256	17	36	3	200	17500	
1257	17	37	3	200	18000	
1258	17	38	3	200	18500	
1259	17	39	3	200	19000	
1260	17	40	3	200	19500	1
1261	17	41	3	200	20000	
1262	17	42	3	200	20500	
1263	17	43	3	200	21000	
1264	17	44	3	200	21500	
1265	17	45	3	200	22000	
1266	17	46	3	200	22500	
1267	17	47	3	200	23000	
1268	17	48	3	200	23500	
1269	17	49	3	200	24000	
1270	17	50	3	200	24500	1
1271	17	51	3	200	25000	
1272	17	52	3	200	25500	
1273	17	53	3	200	26000	
1274	17	54	3	200	26500	
1275	17	55	3	200	27000	
1276	17	56	3	200	27500	
1277	17	57	3	200	28000	
1278	17	58	3	200	28500	
1279	17	59	3	200	29000	
1280	17	60	3	200	29500	1
1281	17	61	3	200	30000	
1282	17	62	3	200	30500	
1283	17	63	3	200	31000	
1284	17	64	3	200	31500	
1285	17	65	3	200	32000	
1286	17	66	3	200	32500	
1287	17	67	3	200	33000	
1288	17	68	3	200	33500	
1289	17	69	3	200	34000	
1290	17	70	3	200	34500	1
1291	17	71	3	200	35000	
1292	17	72	3	200	35500	
1293	17	73	3	200	36000	
1294	17	74	3	200	36500	
1295	17	75	3	200	37000	
1296	17	76	3	200	37500	
1297	17	77	3	200	38000	
1298	17	78	3	200	38500	
1299	17	79	3	200	39000	
1300	17	80	3	200	39500	1
1301	18	1	3	200		
1302	18	2	3	200	500	
1303	18	3	3	200	1000	
1304	18	4	3	200	1500	
1305	18	5	3	200	2000	
1306	18	6	3	200	2500	
1307	18	7	3	200	3000	
1308	18	8	3	200	3500	
1309	18	9	3	200	4000	
1310	18	10	3	200	4500	1
1311	18	11	3	200	5000	
1312	18	12	3	200	5500	
1313	18	13	3	200	6000	
1314	18	14	3	200	6500	
1315	18	15	3	200	7000	
1316	18	16	3	200	7500	
1317	18	17	3	200	8000	
1318	18	18	3	200	8500	
1319	18	19	3	200	9000	
1320	18	20	3	200	9500	1
1321	18	21	3	200	10000	
1322	18	22	3	200	10500	
1323	18	23	3	200	11000	
1324	18	24	3	200	11500	
1325	18	25	3	200	12000	
1326	18	26	3	200	12500	
1327	18	27	3	200	13000	
1328	18	28	3	200	13500	
1329	18	29	3	200	14000	
1330	18	30	3	200	14500	1
1331	18	31	3	200	15000	
1332	18	32	3	200	15500	
1333	18	33	3	200	16000	
1334	18	34	3	200	16500	
1335	18	35	3	200	17000	
1336	18	36	3	200	17500	
1337	18	37	3	200	18000	
1338	18	38	3	200	18500	
1339	18	39	3	200	19000	
1340	18	40	3	200	19500	1
1341	18	41	3	200	20000	
1342	18	42	3	200	20500	
1343	18	43	3	200	21000	
1344	18	44	3	200	21500	
1345	18	45	3	200	22000	
1346	18	46	3	200	22500	
1347	18	47	3	200	23000	
1348	18	48	3	200	23500	
1349	18	49	3	200	24000	
1350	18	50	3	200	24500	1
1351	18	51	3	200	25000	
1352	18	52	3	200	25500	
1353	18	53	3	200	26000	
1354	18	54	3	200	26500	
1355	18	55	3	200	27000	
1356	18	56	3	200	27500	
1357	18	57	3	200	28000	
1358	18	58	3	200	28500	
1359	18	59	3	200	29000	
1360	18	60	3	200	29500	1
1361	18	61	3	200	30000	
1362	18	62	3	200	30500	
1363	18	63	3	200	31000	
1364	18	64	3	200	31500	
1365	18	65	3	200	32000	
1366	18	66	3	200	32500	
1367	18	67	3	200	33000	
1368	18	68	3	200	33500	
1369	18	69	3	200	34000	
1370	18	70	3	200	34500	1
1371	18	71	3	200	35000	
1372	18	72	3	200	35500	
1373	18	73	3	200	36000	
1374	18	74	3	200	36500	
1375	18	75	3	200	37000	
1376	18	76	3	200	37500	
1377	18	77	3	200	38000	
1378	18	78	3	200	38500	
1379	18	79	3	200	39000	
1380	18	80	3	200	39500	1
1381	19	1	3	200		
1382	19	2	3	200	500	
1383	19	3	3	200	1000	
1384	19	4	3	200	1500	
1385	19	5	3	200	2000	
1386	19	6	3	200	2500	
1387	19	7	3	200	3000	
1388	19	8	3	200	3500	
1389	19	9	3	200	4000	
1390	19	10	3	200	4500	1
1391	19	11	3	200	5000	
1392	19	12	3	200	5500	
1393	19	13	3	200	6000	
1394	19	14	3	200	6500	
1395	19	15	3	200	7000	
1396	19	16	3	200	7500	
1397	19	17	3	200	8000	
1398	19	18	3	200	8500	
1399	19	19	3	200	9000	
1400	19	20	3	200	9500	1
1401	19	21	3	200	10000	
1402	19	22	3	200	10500	
1403	19	23	3	200	11000	
1404	19	24	3	200	11500	
1405	19	25	3	200	12000	
1406	19	26	3	200	12500	
1407	19	27	3	200	13000	
1408	19	28	3	200	13500	
1409	19	29	3	200	14000	
1410	19	30	3	200	14500	1
1411	19	31	3	200	15000	
1412	19	32	3	200	15500	
1413	19	33	3	200	16000	
1414	19	34	3	200	16500	
1415	19	35	3	200	17000	
1416	19	36	3	200	17500	
1417	19	37	3	200	18000	
1418	19	38	3	200	18500	
1419	19	39	3	200	19000	
1420	19	40	3	200	19500	1
1421	19	41	3	200	20000	
1422	19	42	3	200	20500	
1423	19	43	3	200	21000	
1424	19	44	3	200	21500	
1425	19	45	3	200	22000	
1426	19	46	3	200	22500	
1427	19	47	3	200	23000	
1428	19	48	3	200	23500	
1429	19	49	3	200	24000	
1430	19	50	3	200	24500	1
1431	19	51	3	200	25000	
1432	19	52	3	200	25500	
1433	19	53	3	200	26000	
1434	19	54	3	200	26500	
1435	19	55	3	200	27000	
1436	19	56	3	200	27500	
1437	19	57	3	200	28000	
1438	19	58	3	200	28500	
1439	19	59	3	200	29000	
1440	19	60	3	200	29500	1
1441	19	61	3	200	30000	
1442	19	62	3	200	30500	
1443	19	63	3	200	31000	
1444	19	64	3	200	31500	
1445	19	65	3	200	32000	
1446	19	66	3	200	32500	
1447	19	67	3	200	33000	
1448	19	68	3	200	33500	
1449	19	69	3	200	34000	
1450	19	70	3	200	34500	1
1451	19	71	3	200	35000	
1452	19	72	3	200	35500	
1453	19	73	3	200	36000	
1454	19	74	3	200	36500	
1455	19	75	3	200	37000	
1456	19	76	3	200	37500	
1457	19	77	3	200	38000	
1458	19	78	3	200	38500	
1459	19	79	3	200	39000	
1460	19	80	3	200	39500	1
1461	20	1	3	200		
1462	20	2	3	200	500	
1463	20	3	3	200	1000	
1464	20	4	3	200	1500	
1465	20	5	3	200	2000	
1466	20	6	3	200	2500	
1467	20	7	3	200	3000	
1468	20	8	3	200	3500	
1469	20	9	3	200	4000	
1470	20	10	3	200	4500	1
1471	20	11	3	200	5000	
1472	20	12	3	200	5500	
1473	20	13	3	200	6000	
1474	20	14	3	200	6500	
1475	20	15	3	200	7000	
1476	20	16	3	200	7500	
1477	20	17	3	200	8000	
1478	20	18	3	200	8500	
1479	20	19	3	200	9000	
1480	20	20	3	200	9500	1
1481	20	21	3	200	10000	
1482	20	22	3	200	10500	
1483	20	23	3	200	11000	
1484	20	24	3	200	11500	
1485	20	25	3	200	12000	
1486	20	26	3	200	12500	
1487	20	27	3	200	13000	
1488	20	28	3	200	13500	
1489	20	29	3	200	14000	
1490	20	30	3	200	14500	1
1491	20	31	3	200	15000	
1492	20	32	3	200	15500	
1493	20	33	3	200	16000	
1494	20	34	3	200	16500	
1495	20	35	3	200	17000	
1496	20	36	3	200	17500	
1497	20	37	3	200	18000	
1498	20	38	3	200	18500	
1499	20	39	3	200	19000	
1500	20	40	3	200	19500	1
1501	20	41	3	200	20000	
1502	20	42	3	200	20500	
1503	20	43	3	200	21000	
1504	20	44	3	200	21500	
1505	20	45	3	200	22000	
1506	20	46	3	200	22500	
1507	20	47	3	200	23000	
1508	20	48	3	200	23500	
1509	20	49	3	200	24000	
1510	20	50	3	200	24500	1
1511	20	51	3	200	25000	
1512	20	52	3	200	25500	
1513	20	53	3	200	26000	
1514	20	54	3	200	26500	
1515	20	55	3	200	27000	
1516	20	56	3	200	27500	
1517	20	57	3	200	28000	
1518	20	58	3	200	28500	
1519	20	59	3	200	29000	
1520	20	60	3	200	29500	1
1521	20	61	3	200	30000	
1522	20	62	3	200	30500	
1523	20	63	3	200	31000	
1524	20	64	3	200	31500	
1525	20	65	3	200	32000	
1526	20	66	3	200	32500	
1527	20	67	3	200	33000	
1528	20	68	3	200	33500	
1529	20	69	3	200	34000	
1530	20	70	3	200	34500	1
1531	20	71	3	200	35000	
1532	20	72	3	200	35500	
1533	20	73	3	200	36000	
1534	20	74	3	200	36500	
1535	20	75	3	200	37000	
1536	20	76	3	200	37500	
1537	20	77	3	200	38000	
1538	20	78	3	200	38500	
1539	20	79	3	200	39000	
1540	20	80	3	200	39500	1
1541	21	1	3	200		
1542	21	2	3	200	500	
1543	21	3	3	200	1000	
1544	21	4	3	200	1500	
1545	21	5	3	200	2000	
1546	21	6	3	200	2500	
1547	21	7	3	200	3000	
1548	21	8	3	200	3500	
1549	21	9	3	200	4000	
1550	21	10	3	200	4500	1
1551	21	11	3	200	5000	
1552	21	12	3	200	5500	
1553	21	13	3	200	6000	
1554	21	14	3	200	6500	
1555	21	15	3	200	7000	
1556	21	16	3	200	7500	
1557	21	17	3	200	8000	
1558	21	18	3	200	8500	
1559	21	19	3	200	9000	
1560	21	20	3	200	9500	1
1561	21	21	3	200	10000	
1562	21	22	3	200	10500	
1563	21	23	3	200	11000	
1564	21	24	3	200	11500	
1565	21	25	3	200	12000	
1566	21	26	3	200	12500	
1567	21	27	3	200	13000	
1568	21	28	3	200	13500	
1569	21	29	3	200	14000	
1570	21	30	3	200	14500	1
1571	21	31	3	200	15000	
1572	21	32	3	200	15500	
1573	21	33	3	200	16000	
1574	21	34	3	200	16500	
1575	21	35	3	200	17000	
1576	21	36	3	200	17500	
1577	21	37	3	200	18000	
1578	21	38	3	200	18500	
1579	21	39	3	200	19000	
1580	21	40	3	200	19500	1
1581	21	41	3	200	20000	
1582	21	42	3	200	20500	
1583	21	43	3	200	21000	
1584	21	44	3	200	21500	
1585	21	45	3	200	22000	
1586	21	46	3	200	22500	
1587	21	47	3	200	23000	
1588	21	48	3	200	23500	
1589	21	49	3	200	24000	
1590	21	50	3	200	24500	1
1591	21	51	3	200	25000	
1592	21	52	3	200	25500	
1593	21	53	3	200	26000	
1594	21	54	3	200	26500	
1595	21	55	3	200	27000	
1596	21	56	3	200	27500	
1597	21	57	3	200	28000	
1598	21	58	3	200	28500	
1599	21	59	3	200	29000	
1600	21	60	3	200	29500	1
1601	21	61	3	200	30000	
1602	21	62	3	200	30500	
1603	21	63	3	200	31000	
1604	21	64	3	200	31500	
1605	21	65	3	200	32000	
1606	21	66	3	200	32500	
1607	21	67	3	200	33000	
1608	21	68	3	200	33500	
1609	21	69	3	200	34000	
1610	21	70	3	200	34500	1
1611	21	71	3	200	35000	
1612	21	72	3	200	35500	
1613	21	73	3	200	36000	
1614	21	74	3	200	36500	
1615	21	75	3	200	37000	
1616	21	76	3	200	37500	
1617	21	77	3	200	38000	
1618	21	78	3	200	38500	
1619	21	79	3	200	39000	
1620	21	80	3	200	39500	1
1621	22	1	3	200		
1622	22	2	3	200	500	
1623	22	3	3	200	1000	
1624	22	4	3	200	1500	
1625	22	5	3	200	2000	
1626	22	6	3	200	2500	
1627	22	7	3	200	3000	
1628	22	8	3	200	3500	
1629	22	9	3	200	4000	
1630	22	10	3	200	4500	1
1631	22	11	3	200	5000	
1632	22	12	3	200	5500	
1633	22	13	3	200	6000	
1634	22	14	3	200	6500	
1635	22	15	3	200	7000	
1636	22	16	3	200	7500	
1637	22	17	3	200	8000	
1638	22	18	3	200	8500	
1639	22	19	3	200	9000	
1640	22	20	3	200	9500	1
1641	22	21	3	200	10000	
1642	22	22	3	200	10500	
1643	22	23	3	200	11000	
1644	22	24	3	200	11500	
1645	22	25	3	200	12000	
1646	22	26	3	200	12500	
1647	22	27	3	200	13000	
1648	22	28	3	200	13500	
1649	22	29	3	200	14000	
1650	22	30	3	200	14500	1
1651	22	31	3	200	15000	
1652	22	32	3	200	15500	
1653	22	33	3	200	16000	
1654	22	34	3	200	16500	
1655	22	35	3	200	17000	
1656	22	36	3	200	17500	
1657	22	37	3	200	18000	
1658	22	38	3	200	18500	
1659	22	39	3	200	19000	
1660	22	40	3	200	19500	1
1661	22	41	3	200	20000	
1662	22	42	3	200	20500	
1663	22	43	3	200	21000	
1664	22	44	3	200	21500	
1665	22	45	3	200	22000	
1666	22	46	3	200	22500	
1667	22	47	3	200	23000	
1668	22	48	3	200	23500	
1669	22	49	3	200	24000	
1670	22	50	3	200	24500	1
1671	22	51	3	200	25000	
1672	22	52	3	200	25500	
1673	22	53	3	200	26000	
1674	22	54	3	200	26500	
1675	22	55	3	200	27000	
1676	22	56	3	200	27500	
1677	22	57	3	200	28000	
1678	22	58	3	200	28500	
1679	22	59	3	200	29000	
1680	22	60	3	200	29500	1
1681	22	61	3	200	30000	
1682	22	62	3	200	30500	
1683	22	63	3	200	31000	
1684	22	64	3	200	31500	
1685	22	65	3	200	32000	
1686	22	66	3	200	32500	
1687	22	67	3	200	33000	
1688	22	68	3	200	33500	
1689	22	69	3	200	34000	
1690	22	70	3	200	34500	1
1691	22	71	3	200	35000	
1692	22	72	3	200	35500	
1693	22	73	3	200	36000	
1694	22	74	3	200	36500	
1695	22	75	3	200	37000	
1696	22	76	3	200	37500	
1697	22	77	3	200	38000	
1698	22	78	3	200	38500	
1699	22	79	3	200	39000	
1700	22	80	3	200	39500	1
1701	23	1	3	200		
1702	23	2	3	200	500	
1703	23	3	3	200	1000	
1704	23	4	3	200	1500	
1705	23	5	3	200	2000	
1706	23	6	3	200	2500	
1707	23	7	3	200	3000	
1708	23	8	3	200	3500	
1709	23	9	3	200	4000	
1710	23	10	3	200	4500	1
1711	23	11	3	200	5000	
1712	23	12	3	200	5500	
1713	23	13	3	200	6000	
1714	23	14	3	200	6500	
1715	23	15	3	200	7000	
1716	23	16	3	200	7500	
1717	23	17	3	200	8000	
1718	23	18	3	200	8500	
1719	23	19	3	200	9000	
1720	23	20	3	200	9500	1
1721	23	21	3	200	10000	
1722	23	22	3	200	10500	
1723	23	23	3	200	11000	
1724	23	24	3	200	11500	
1725	23	25	3	200	12000	
1726	23	26	3	200	12500	
1727	23	27	3	200	13000	
1728	23	28	3	200	13500	
1729	23	29	3	200	14000	
1730	23	30	3	200	14500	1
1731	23	31	3	200	15000	
1732	23	32	3	200	15500	
1733	23	33	3	200	16000	
1734	23	34	3	200	16500	
1735	23	35	3	200	17000	
1736	23	36	3	200	17500	
1737	23	37	3	200	18000	
1738	23	38	3	200	18500	
1739	23	39	3	200	19000	
1740	23	40	3	200	19500	1
1741	23	41	3	200	20000	
1742	23	42	3	200	20500	
1743	23	43	3	200	21000	
1744	23	44	3	200	21500	
1745	23	45	3	200	22000	
1746	23	46	3	200	22500	
1747	23	47	3	200	23000	
1748	23	48	3	200	23500	
1749	23	49	3	200	24000	
1750	23	50	3	200	24500	1
1751	23	51	3	200	25000	
1752	23	52	3	200	25500	
1753	23	53	3	200	26000	
1754	23	54	3	200	26500	
1755	23	55	3	200	27000	
1756	23	56	3	200	27500	
1757	23	57	3	200	28000	
1758	23	58	3	200	28500	
1759	23	59	3	200	29000	
1760	23	60	3	200	29500	1
1761	23	61	3	200	30000	
1762	23	62	3	200	30500	
1763	23	63	3	200	31000	
1764	23	64	3	200	31500	
1765	23	65	3	200	32000	
1766	23	66	3	200	32500	
1767	23	67	3	200	33000	
1768	23	68	3	200	33500	
1769	23	69	3	200	34000	
1770	23	70	3	200	34500	1
1771	23	71	3	200	35000	
1772	23	72	3	200	35500	
1773	23	73	3	200	36000	
1774	23	74	3	200	36500	
1775	23	75	3	200	37000	
1776	23	76	3	200	37500	
1777	23	77	3	200	38000	
1778	23	78	3	200	38500	
1779	23	79	3	200	39000	
1780	23	80	3	200	39500	1
1781	24	1	3	200		
1782	24	2	3	200	500	
1783	24	3	3	200	1000	
1784	24	4	3	200	1500	
1785	24	5	3	200	2000	
1786	24	6	3	200	2500	
1787	24	7	3	200	3000	
1788	24	8	3	200	3500	
1789	24	9	3	200	4000	
1790	24	10	3	200	4500	1
1791	24	11	3	200	5000	
1792	24	12	3	200	5500	
1793	24	13	3	200	6000	
1794	24	14	3	200	6500	
1795	24	15	3	200	7000	
1796	24	16	3	200	7500	
1797	24	17	3	200	8000	
1798	24	18	3	200	8500	
1799	24	19	3	200	9000	
1800	24	20	3	200	9500	1
1801	24	21	3	200	10000	
1802	24	22	3	200	10500	
1803	24	23	3	200	11000	
1804	24	24	3	200	11500	
1805	24	25	3	200	12000	
1806	24	26	3	200	12500	
1807	24	27	3	200	13000	
1808	24	28	3	200	13500	
1809	24	29	3	200	14000	
1810	24	30	3	200	14500	1
1811	24	31	3	200	15000	
1812	24	32	3	200	15500	
1813	24	33	3	200	16000	
1814	24	34	3	200	16500	
1815	24	35	3	200	17000	
1816	24	36	3	200	17500	
1817	24	37	3	200	18000	
1818	24	38	3	200	18500	
1819	24	39	3	200	19000	
1820	24	40	3	200	19500	1
1821	24	41	3	200	20000	
1822	24	42	3	200	20500	
1823	24	43	3	200	21000	
1824	24	44	3	200	21500	
1825	24	45	3	200	22000	
1826	24	46	3	200	22500	
1827	24	47	3	200	23000	
1828	24	48	3	200	23500	
1829	24	49	3	200	24000	
1830	24	50	3	200	24500	1
1831	24	51	3	200	25000	
1832	24	52	3	200	25500	
1833	24	53	3	200	26000	
1834	24	54	3	200	26500	
1835	24	55	3	200	27000	
1836	24	56	3	200	27500	
1837	24	57	3	200	28000	
1838	24	58	3	200	28500	
1839	24	59	3	200	29000	
1840	24	60	3	200	29500	1
1841	24	61	3	200	30000	
1842	24	62	3	200	30500	
1843	24	63	3	200	31000	
1844	24	64	3	200	31500	
1845	24	65	3	200	32000	
1846	24	66	3	200	32500	
1847	24	67	3	200	33000	
1848	24	68	3	200	33500	
1849	24	69	3	200	34000	
1850	24	70	3	200	34500	1
1851	24	71	3	200	35000	
1852	24	72	3	200	35500	
1853	24	73	3	200	36000	
1854	24	74	3	200	36500	
1855	24	75	3	200	37000	
1856	24	76	3	200	37500	
1857	24	77	3	200	38000	
1858	24	78	3	200	38500	
1859	24	79	3	200	39000	
1860	24	80	3	200	39500	1
1861	25	1	3	200		
1862	25	2	3	200	500	
1863	25	3	3	200	1000	
1864	25	4	3	200	1500	
1865	25	5	3	200	2000	
1866	25	6	3	200	2500	
1867	25	7	3	200	3000	
1868	25	8	3	200	3500	
1869	25	9	3	200	4000	
1870	25	10	3	200	4500	1
1871	25	11	3	200	5000	
1872	25	12	3	200	5500	
1873	25	13	3	200	6000	
1874	25	14	3	200	6500	
1875	25	15	3	200	7000	
1876	25	16	3	200	7500	
1877	25	17	3	200	8000	
1878	25	18	3	200	8500	
1879	25	19	3	200	9000	
1880	25	20	3	200	9500	1
1881	25	21	3	200	10000	
1882	25	22	3	200	10500	
1883	25	23	3	200	11000	
1884	25	24	3	200	11500	
1885	25	25	3	200	12000	
1886	25	26	3	200	12500	
1887	25	27	3	200	13000	
1888	25	28	3	200	13500	
1889	25	29	3	200	14000	
1890	25	30	3	200	14500	1
1891	25	31	3	200	15000	
1892	25	32	3	200	15500	
1893	25	33	3	200	16000	
1894	25	34	3	200	16500	
1895	25	35	3	200	17000	
1896	25	36	3	200	17500	
1897	25	37	3	200	18000	
1898	25	38	3	200	18500	
1899	25	39	3	200	19000	
1900	25	40	3	200	19500	1
1901	25	41	3	200	20000	
1902	25	42	3	200	20500	
1903	25	43	3	200	21000	
1904	25	44	3	200	21500	
1905	25	45	3	200	22000	
1906	25	46	3	200	22500	
1907	25	47	3	200	23000	
1908	25	48	3	200	23500	
1909	25	49	3	200	24000	
1910	25	50	3	200	24500	1
1911	25	51	3	200	25000	
1912	25	52	3	200	25500	
1913	25	53	3	200	26000	
1914	25	54	3	200	26500	
1915	25	55	3	200	27000	
1916	25	56	3	200	27500	
1917	25	57	3	200	28000	
1918	25	58	3	200	28500	
1919	25	59	3	200	29000	
1920	25	60	3	200	29500	1
1921	25	61	3	200	30000	
1922	25	62	3	200	30500	
1923	25	63	3	200	31000	
1924	25	64	3	200	31500	
1925	25	65	3	200	32000	
1926	25	66	3	200	32500	
1927	25	67	3	200	33000	
1928	25	68	3	200	33500	
1929	25	69	3	200	34000	
1930	25	70	3	200	34500	1
1931	25	71	3	200	35000	
1932	25	72	3	200	35500	
1933	25	73	3	200	36000	
1934	25	74	3	200	36500	
1935	25	75	3	200	37000	
1936	25	76	3	200	37500	
1937	25	77	3	200	38000	
1938	25	78	3	200	38500	
1939	25	79	3	200	39000	
1940	25	80	3	200	39500	1
1941	26	1	3	200		
1942	26	2	3	200	500	
1943	26	3	3	200	1000	
1944	26	4	3	200	1500	
1945	26	5	3	200	2000	
1946	26	6	3	200	2500	
1947	26	7	3	200	3000	
1948	26	8	3	200	3500	
1949	26	9	3	200	4000	
1950	26	10	3	200	4500	1
1951	26	11	3	200	5000	
1952	26	12	3	200	5500	
1953	26	13	3	200	6000	
1954	26	14	3	200	6500	
1955	26	15	3	200	7000	
1956	26	16	3	200	7500	
1957	26	17	3	200	8000	
1958	26	18	3	200	8500	
1959	26	19	3	200	9000	
1960	26	20	3	200	9500	1
1961	26	21	3	200	10000	
1962	26	22	3	200	10500	
1963	26	23	3	200	11000	
1964	26	24	3	200	11500	
1965	26	25	3	200	12000	
1966	26	26	3	200	12500	
1967	26	27	3	200	13000	
1968	26	28	3	200	13500	
1969	26	29	3	200	14000	
1970	26	30	3	200	14500	1
1971	26	31	3	200	15000	
1972	26	32	3	200	15500	
1973	26	33	3	200	16000	
1974	26	34	3	200	16500	
1975	26	35	3	200	17000	
1976	26	36	3	200	17500	
1977	26	37	3	200	18000	
1978	26	38	3	200	18500	
1979	26	39	3	200	19000	
1980	26	40	3	200	19500	1
1981	26	41	3	200	20000	
1982	26	42	3	200	20500	
1983	26	43	3	200	21000	
1984	26	44	3	200	21500	
1985	26	45	3	200	22000	
1986	26	46	3	200	22500	
1987	26	47	3	200	23000	
1988	26	48	3	200	23500	
1989	26	49	3	200	24000	
1990	26	50	3	200	24500	1
1991	26	51	3	200	25000	
1992	26	52	3	200	25500	
1993	26	53	3	200	26000	
1994	26	54	3	200	26500	
1995	26	55	3	200	27000	
1996	26	56	3	200	27500	
1997	26	57	3	200	28000	
1998	26	58	3	200	28500	
1999	26	59	3	200	29000	
2000	26	60	3	200	29500	1
2001	26	61	3	200	30000	
2002	26	62	3	200	30500	
2003	26	63	3	200	31000	
2004	26	64	3	200	31500	
2005	26	65	3	200	32000	
2006	26	66	3	200	32500	
2007	26	67	3	200	33000	
2008	26	68	3	200	33500	
2009	26	69	3	200	34000	
2010	26	70	3	200	34500	1
2011	26	71	3	200	35000	
2012	26	72	3	200	35500	
2013	26	73	3	200	36000	
2014	26	74	3	200	36500	
2015	26	75	3	200	37000	
2016	26	76	3	200	37500	
2017	26	77	3	200	38000	
2018	26	78	3	200	38500	
2019	26	79	3	200	39000	
2020	26	80	3	200	39500	1
2021	27	1	3	200		
2022	27	2	3	200	500	
2023	27	3	3	200	1000	
2024	27	4	3	200	1500	
2025	27	5	3	200	2000	
2026	27	6	3	200	2500	
2027	27	7	3	200	3000	
2028	27	8	3	200	3500	
2029	27	9	3	200	4000	
2030	27	10	3	200	4500	1
2031	27	11	3	200	5000	
2032	27	12	3	200	5500	
2033	27	13	3	200	6000	
2034	27	14	3	200	6500	
2035	27	15	3	200	7000	
2036	27	16	3	200	7500	
2037	27	17	3	200	8000	
2038	27	18	3	200	8500	
2039	27	19	3	200	9000	
2040	27	20	3	200	9500	1
2041	27	21	3	200	10000	
2042	27	22	3	200	10500	
2043	27	23	3	200	11000	
2044	27	24	3	200	11500	
2045	27	25	3	200	12000	
2046	27	26	3	200	12500	
2047	27	27	3	200	13000	
2048	27	28	3	200	13500	
2049	27	29	3	200	14000	
2050	27	30	3	200	14500	1
2051	27	31	3	200	15000	
2052	27	32	3	200	15500	
2053	27	33	3	200	16000	
2054	27	34	3	200	16500	
2055	27	35	3	200	17000	
2056	27	36	3	200	17500	
2057	27	37	3	200	18000	
2058	27	38	3	200	18500	
2059	27	39	3	200	19000	
2060	27	40	3	200	19500	1
2061	27	41	3	200	20000	
2062	27	42	3	200	20500	
2063	27	43	3	200	21000	
2064	27	44	3	200	21500	
2065	27	45	3	200	22000	
2066	27	46	3	200	22500	
2067	27	47	3	200	23000	
2068	27	48	3	200	23500	
2069	27	49	3	200	24000	
2070	27	50	3	200	24500	1
2071	27	51	3	200	25000	
2072	27	52	3	200	25500	
2073	27	53	3	200	26000	
2074	27	54	3	200	26500	
2075	27	55	3	200	27000	
2076	27	56	3	200	27500	
2077	27	57	3	200	28000	
2078	27	58	3	200	28500	
2079	27	59	3	200	29000	
2080	27	60	3	200	29500	1
2081	27	61	3	200	30000	
2082	27	62	3	200	30500	
2083	27	63	3	200	31000	
2084	27	64	3	200	31500	
2085	27	65	3	200	32000	
2086	27	66	3	200	32500	
2087	27	67	3	200	33000	
2088	27	68	3	200	33500	
2089	27	69	3	200	34000	
2090	27	70	3	200	34500	1
2091	27	71	3	200	35000	
2092	27	72	3	200	35500	
2093	27	73	3	200	36000	
2094	27	74	3	200	36500	
2095	27	75	3	200	37000	
2096	27	76	3	200	37500	
2097	27	77	3	200	38000	
2098	27	78	3	200	38500	
2099	27	79	3	200	39000	
2100	27	80	3	200	39500	1
2101	28	1	3	200		
2102	28	2	3	200	500	
2103	28	3	3	200	1000	
2104	28	4	3	200	1500	
2105	28	5	3	200	2000	
2106	28	6	3	200	2500	
2107	28	7	3	200	3000	
2108	28	8	3	200	3500	
2109	28	9	3	200	4000	
2110	28	10	3	200	4500	1
2111	28	11	3	200	5000	
2112	28	12	3	200	5500	
2113	28	13	3	200	6000	
2114	28	14	3	200	6500	
2115	28	15	3	200	7000	
2116	28	16	3	200	7500	
2117	28	17	3	200	8000	
2118	28	18	3	200	8500	
2119	28	19	3	200	9000	
2120	28	20	3	200	9500	1
2121	28	21	3	200	10000	
2122	28	22	3	200	10500	
2123	28	23	3	200	11000	
2124	28	24	3	200	11500	
2125	28	25	3	200	12000	
2126	28	26	3	200	12500	
2127	28	27	3	200	13000	
2128	28	28	3	200	13500	
2129	28	29	3	200	14000	
2130	28	30	3	200	14500	1
2131	28	31	3	200	15000	
2132	28	32	3	200	15500	
2133	28	33	3	200	16000	
2134	28	34	3	200	16500	
2135	28	35	3	200	17000	
2136	28	36	3	200	17500	
2137	28	37	3	200	18000	
2138	28	38	3	200	18500	
2139	28	39	3	200	19000	
2140	28	40	3	200	19500	1
2141	28	41	3	200	20000	
2142	28	42	3	200	20500	
2143	28	43	3	200	21000	
2144	28	44	3	200	21500	
2145	28	45	3	200	22000	
2146	28	46	3	200	22500	
2147	28	47	3	200	23000	
2148	28	48	3	200	23500	
2149	28	49	3	200	24000	
2150	28	50	3	200	24500	1
2151	28	51	3	200	25000	
2152	28	52	3	200	25500	
2153	28	53	3	200	26000	
2154	28	54	3	200	26500	
2155	28	55	3	200	27000	
2156	28	56	3	200	27500	
2157	28	57	3	200	28000	
2158	28	58	3	200	28500	
2159	28	59	3	200	29000	
2160	28	60	3	200	29500	1
2161	28	61	3	200	30000	
2162	28	62	3	200	30500	
2163	28	63	3	200	31000	
2164	28	64	3	200	31500	
2165	28	65	3	200	32000	
2166	28	66	3	200	32500	
2167	28	67	3	200	33000	
2168	28	68	3	200	33500	
2169	28	69	3	200	34000	
2170	28	70	3	200	34500	1
2171	28	71	3	200	35000	
2172	28	72	3	200	35500	
2173	28	73	3	200	36000	
2174	28	74	3	200	36500	
2175	28	75	3	200	37000	
2176	28	76	3	200	37500	
2177	28	77	3	200	38000	
2178	28	78	3	200	38500	
2179	28	79	3	200	39000	
2180	28	80	3	200	39500	1
2181	29	1	3	200		
2182	29	2	3	200	500	
2183	29	3	3	200	1000	
2184	29	4	3	200	1500	
2185	29	5	3	200	2000	
2186	29	6	3	200	2500	
2187	29	7	3	200	3000	
2188	29	8	3	200	3500	
2189	29	9	3	200	4000	
2190	29	10	3	200	4500	1
2191	29	11	3	200	5000	
2192	29	12	3	200	5500	
2193	29	13	3	200	6000	
2194	29	14	3	200	6500	
2195	29	15	3	200	7000	
2196	29	16	3	200	7500	
2197	29	17	3	200	8000	
2198	29	18	3	200	8500	
2199	29	19	3	200	9000	
2200	29	20	3	200	9500	1
2201	29	21	3	200	10000	
2202	29	22	3	200	10500	
2203	29	23	3	200	11000	
2204	29	24	3	200	11500	
2205	29	25	3	200	12000	
2206	29	26	3	200	12500	
2207	29	27	3	200	13000	
2208	29	28	3	200	13500	
2209	29	29	3	200	14000	
2210	29	30	3	200	14500	1
2211	29	31	3	200	15000	
2212	29	32	3	200	15500	
2213	29	33	3	200	16000	
2214	29	34	3	200	16500	
2215	29	35	3	200	17000	
2216	29	36	3	200	17500	
2217	29	37	3	200	18000	
2218	29	38	3	200	18500	
2219	29	39	3	200	19000	
2220	29	40	3	200	19500	1
2221	29	41	3	200	20000	
2222	29	42	3	200	20500	
2223	29	43	3	200	21000	
2224	29	44	3	200	21500	
2225	29	45	3	200	22000	
2226	29	46	3	200	22500	
2227	29	47	3	200	23000	
2228	29	48	3	200	23500	
2229	29	49	3	200	24000	
2230	29	50	3	200	24500	1
2231	29	51	3	200	25000	
2232	29	52	3	200	25500	
2233	29	53	3	200	26000	
2234	29	54	3	200	26500	
2235	29	55	3	200	27000	
2236	29	56	3	200	27500	
2237	29	57	3	200	28000	
2238	29	58	3	200	28500	
2239	29	59	3	200	29000	
2240	29	60	3	200	29500	1
2241	29	61	3	200	30000	
2242	29	62	3	200	30500	
2243	29	63	3	200	31000	
2244	29	64	3	200	31500	
2245	29	65	3	200	32000	
2246	29	66	3	200	32500	
2247	29	67	3	200	33000	
2248	29	68	3	200	33500	
2249	29	69	3	200	34000	
2250	29	70	3	200	34500	1
2251	29	71	3	200	35000	
2252	29	72	3	200	35500	
2253	29	73	3	200	36000	
2254	29	74	3	200	36500	
2255	29	75	3	200	37000	
2256	29	76	3	200	37500	
2257	29	77	3	200	38000	
2258	29	78	3	200	38500	
2259	29	79	3	200	39000	
2260	29	80	3	200	39500	1
2261	30	1	3	200		
2262	30	2	3	200	500	
2263	30	3	3	200	1000	
2264	30	4	3	200	1500	
2265	30	5	3	200	2000	
2266	30	6	3	200	2500	
2267	30	7	3	200	3000	
2268	30	8	3	200	3500	
2269	30	9	3	200	4000	
2270	30	10	3	200	4500	1
2271	30	11	3	200	5000	
2272	30	12	3	200	5500	
2273	30	13	3	200	6000	
2274	30	14	3	200	6500	
2275	30	15	3	200	7000	
2276	30	16	3	200	7500	
2277	30	17	3	200	8000	
2278	30	18	3	200	8500	
2279	30	19	3	200	9000	
2280	30	20	3	200	9500	1
2281	30	21	3	200	10000	
2282	30	22	3	200	10500	
2283	30	23	3	200	11000	
2284	30	24	3	200	11500	
2285	30	25	3	200	12000	
2286	30	26	3	200	12500	
2287	30	27	3	200	13000	
2288	30	28	3	200	13500	
2289	30	29	3	200	14000	
2290	30	30	3	200	14500	1
2291	30	31	3	200	15000	
2292	30	32	3	200	15500	
2293	30	33	3	200	16000	
2294	30	34	3	200	16500	
2295	30	35	3	200	17000	
2296	30	36	3	200	17500	
2297	30	37	3	200	18000	
2298	30	38	3	200	18500	
2299	30	39	3	200	19000	
2300	30	40	3	200	19500	1
2301	30	41	3	200	20000	
2302	30	42	3	200	20500	
2303	30	43	3	200	21000	
2304	30	44	3	200	21500	
2305	30	45	3	200	22000	
2306	30	46	3	200	22500	
2307	30	47	3	200	23000	
2308	30	48	3	200	23500	
2309	30	49	3	200	24000	
2310	30	50	3	200	24500	1
2311	30	51	3	200	25000	
2312	30	52	3	200	25500	
2313	30	53	3	200	26000	
2314	30	54	3	200	26500	
2315	30	55	3	200	27000	
2316	30	56	3	200	27500	
2317	30	57	3	200	28000	
2318	30	58	3	200	28500	
2319	30	59	3	200	29000	
2320	30	60	3	200	29500	1
2321	30	61	3	200	30000	
2322	30	62	3	200	30500	
2323	30	63	3	200	31000	
2324	30	64	3	200	31500	
2325	30	65	3	200	32000	
2326	30	66	3	200	32500	
2327	30	67	3	200	33000	
2328	30	68	3	200	33500	
2329	30	69	3	200	34000	
2330	30	70	3	200	34500	1
2331	30	71	3	200	35000	
2332	30	72	3	200	35500	
2333	30	73	3	200	36000	
2334	30	74	3	200	36500	
2335	30	75	3	200	37000	
2336	30	76	3	200	37500	
2337	30	77	3	200	38000	
2338	30	78	3	200	38500	
2339	30	79	3	200	39000	
2340	30	80	3	200	39500	1
2341	31	1	3	200		
2342	31	2	3	200	500	
2343	31	3	3	200	1000	
2344	31	4	3	200	1500	
2345	31	5	3	200	2000	
2346	31	6	3	200	2500	
2347	31	7	3	200	3000	
2348	31	8	3	200	3500	
2349	31	9	3	200	4000	
2350	31	10	3	200	4500	1
2351	31	11	3	200	5000	
2352	31	12	3	200	5500	
2353	31	13	3	200	6000	
2354	31	14	3	200	6500	
2355	31	15	3	200	7000	
2356	31	16	3	200	7500	
2357	31	17	3	200	8000	
2358	31	18	3	200	8500	
2359	31	19	3	200	9000	
2360	31	20	3	200	9500	1
2361	31	21	3	200	10000	
2362	31	22	3	200	10500	
2363	31	23	3	200	11000	
2364	31	24	3	200	11500	
2365	31	25	3	200	12000	
2366	31	26	3	200	12500	
2367	31	27	3	200	13000	
2368	31	28	3	200	13500	
2369	31	29	3	200	14000	
2370	31	30	3	200	14500	1
2371	31	31	3	200	15000	
2372	31	32	3	200	15500	
2373	31	33	3	200	16000	
2374	31	34	3	200	16500	
2375	31	35	3	200	17000	
2376	31	36	3	200	17500	
2377	31	37	3	200	18000	
2378	31	38	3	200	18500	
2379	31	39	3	200	19000	
2380	31	40	3	200	19500	1
2381	31	41	3	200	20000	
2382	31	42	3	200	20500	
2383	31	43	3	200	21000	
2384	31	44	3	200	21500	
2385	31	45	3	200	22000	
2386	31	46	3	200	22500	
2387	31	47	3	200	23000	
2388	31	48	3	200	23500	
2389	31	49	3	200	24000	
2390	31	50	3	200	24500	1
2391	31	51	3	200	25000	
2392	31	52	3	200	25500	
2393	31	53	3	200	26000	
2394	31	54	3	200	26500	
2395	31	55	3	200	27000	
2396	31	56	3	200	27500	
2397	31	57	3	200	28000	
2398	31	58	3	200	28500	
2399	31	59	3	200	29000	
2400	31	60	3	200	29500	1
2401	31	61	3	200	30000	
2402	31	62	3	200	30500	
2403	31	63	3	200	31000	
2404	31	64	3	200	31500	
2405	31	65	3	200	32000	
2406	31	66	3	200	32500	
2407	31	67	3	200	33000	
2408	31	68	3	200	33500	
2409	31	69	3	200	34000	
2410	31	70	3	200	34500	1
2411	31	71	3	200	35000	
2412	31	72	3	200	35500	
2413	31	73	3	200	36000	
2414	31	74	3	200	36500	
2415	31	75	3	200	37000	
2416	31	76	3	200	37500	
2417	31	77	3	200	38000	
2418	31	78	3	200	38500	
2419	31	79	3	200	39000	
2420	31	80	3	200	39500	1
2421	32	1	3	200		
2422	32	2	3	200	500	
2423	32	3	3	200	1000	
2424	32	4	3	200	1500	
2425	32	5	3	200	2000	
2426	32	6	3	200	2500	
2427	32	7	3	200	3000	
2428	32	8	3	200	3500	
2429	32	9	3	200	4000	
2430	32	10	3	200	4500	1
2431	32	11	3	200	5000	
2432	32	12	3	200	5500	
2433	32	13	3	200	6000	
2434	32	14	3	200	6500	
2435	32	15	3	200	7000	
2436	32	16	3	200	7500	
2437	32	17	3	200	8000	
2438	32	18	3	200	8500	
2439	32	19	3	200	9000	
2440	32	20	3	200	9500	1
2441	32	21	3	200	10000	
2442	32	22	3	200	10500	
2443	32	23	3	200	11000	
2444	32	24	3	200	11500	
2445	32	25	3	200	12000	
2446	32	26	3	200	12500	
2447	32	27	3	200	13000	
2448	32	28	3	200	13500	
2449	32	29	3	200	14000	
2450	32	30	3	200	14500	1
2451	32	31	3	200	15000	
2452	32	32	3	200	15500	
2453	32	33	3	200	16000	
2454	32	34	3	200	16500	
2455	32	35	3	200	17000	
2456	32	36	3	200	17500	
2457	32	37	3	200	18000	
2458	32	38	3	200	18500	
2459	32	39	3	200	19000	
2460	32	40	3	200	19500	1
2461	32	41	3	200	20000	
2462	32	42	3	200	20500	
2463	32	43	3	200	21000	
2464	32	44	3	200	21500	
2465	32	45	3	200	22000	
2466	32	46	3	200	22500	
2467	32	47	3	200	23000	
2468	32	48	3	200	23500	
2469	32	49	3	200	24000	
2470	32	50	3	200	24500	1
2471	32	51	3	200	25000	
2472	32	52	3	200	25500	
2473	32	53	3	200	26000	
2474	32	54	3	200	26500	
2475	32	55	3	200	27000	
2476	32	56	3	200	27500	
2477	32	57	3	200	28000	
2478	32	58	3	200	28500	
2479	32	59	3	200	29000	
2480	32	60	3	200	29500	1
2481	32	61	3	200	30000	
2482	32	62	3	200	30500	
2483	32	63	3	200	31000	
2484	32	64	3	200	31500	
2485	32	65	3	200	32000	
2486	32	66	3	200	32500	
2487	32	67	3	200	33000	
2488	32	68	3	200	33500	
2489	32	69	3	200	34000	
2490	32	70	3	200	34500	1
2491	32	71	3	200	35000	
2492	32	72	3	200	35500	
2493	32	73	3	200	36000	
2494	32	74	3	200	36500	
2495	32	75	3	200	37000	
2496	32	76	3	200	37500	
2497	32	77	3	200	38000	
2498	32	78	3	200	38500	
2499	32	79	3	200	39000	
2500	32	80	3	200	39500	1
2501	33	1	3	200		
2502	33	2	3	200	500	
2503	33	3	3	200	1000	
2504	33	4	3	200	1500	
2505	33	5	3	200	2000	
2506	33	6	3	200	2500	
2507	33	7	3	200	3000	
2508	33	8	3	200	3500	
2509	33	9	3	200	4000	
2510	33	10	3	200	4500	1
2511	33	11	3	200	5000	
2512	33	12	3	200	5500	
2513	33	13	3	200	6000	
2514	33	14	3	200	6500	
2515	33	15	3	200	7000	
2516	33	16	3	200	7500	
2517	33	17	3	200	8000	
2518	33	18	3	200	8500	
2519	33	19	3	200	9000	
2520	33	20	3	200	9500	1
2521	33	21	3	200	10000	
2522	33	22	3	200	10500	
2523	33	23	3	200	11000	
2524	33	24	3	200	11500	
2525	33	25	3	200	12000	
2526	33	26	3	200	12500	
2527	33	27	3	200	13000	
2528	33	28	3	200	13500	
2529	33	29	3	200	14000	
2530	33	30	3	200	14500	1
2531	33	31	3	200	15000	
2532	33	32	3	200	15500	
2533	33	33	3	200	16000	
2534	33	34	3	200	16500	
2535	33	35	3	200	17000	
2536	33	36	3	200	17500	
2537	33	37	3	200	18000	
2538	33	38	3	200	18500	
2539	33	39	3	200	19000	
2540	33	40	3	200	19500	1
2541	33	41	3	200	20000	
2542	33	42	3	200	20500	
2543	33	43	3	200	21000	
2544	33	44	3	200	21500	
2545	33	45	3	200	22000	
2546	33	46	3	200	22500	
2547	33	47	3	200	23000	
2548	33	48	3	200	23500	
2549	33	49	3	200	24000	
2550	33	50	3	200	24500	1
2551	33	51	3	200	25000	
2552	33	52	3	200	25500	
2553	33	53	3	200	26000	
2554	33	54	3	200	26500	
2555	33	55	3	200	27000	
2556	33	56	3	200	27500	
2557	33	57	3	200	28000	
2558	33	58	3	200	28500	
2559	33	59	3	200	29000	
2560	33	60	3	200	29500	1
2561	33	61	3	200	30000	
2562	33	62	3	200	30500	
2563	33	63	3	200	31000	
2564	33	64	3	200	31500	
2565	33	65	3	200	32000	
2566	33	66	3	200	32500	
2567	33	67	3	200	33000	
2568	33	68	3	200	33500	
2569	33	69	3	200	34000	
2570	33	70	3	200	34500	1
2571	33	71	3	200	35000	
2572	33	72	3	200	35500	
2573	33	73	3	200	36000	
2574	33	74	3	200	36500	
2575	33	75	3	200	37000	
2576	33	76	3	200	37500	
2577	33	77	3	200	38000	
2578	33	78	3	200	38500	
2579	33	79	3	200	39000	
2580	33	80	3	200	39500	1
2581	34	1	3	200		
2582	34	2	3	200	500	
2583	34	3	3	200	1000	
2584	34	4	3	200	1500	
2585	34	5	3	200	2000	
2586	34	6	3	200	2500	
2587	34	7	3	200	3000	
2588	34	8	3	200	3500	
2589	34	9	3	200	4000	
2590	34	10	3	200	4500	1
2591	34	11	3	200	5000	
2592	34	12	3	200	5500	
2593	34	13	3	200	6000	
2594	34	14	3	200	6500	
2595	34	15	3	200	7000	
2596	34	16	3	200	7500	
2597	34	17	3	200	8000	
2598	34	18	3	200	8500	
2599	34	19	3	200	9000	
2600	34	20	3	200	9500	1
2601	34	21	3	200	10000	
2602	34	22	3	200	10500	
2603	34	23	3	200	11000	
2604	34	24	3	200	11500	
2605	34	25	3	200	12000	
2606	34	26	3	200	12500	
2607	34	27	3	200	13000	
2608	34	28	3	200	13500	
2609	34	29	3	200	14000	
2610	34	30	3	200	14500	1
2611	34	31	3	200	15000	
2612	34	32	3	200	15500	
2613	34	33	3	200	16000	
2614	34	34	3	200	16500	
2615	34	35	3	200	17000	
2616	34	36	3	200	17500	
2617	34	37	3	200	18000	
2618	34	38	3	200	18500	
2619	34	39	3	200	19000	
2620	34	40	3	200	19500	1
2621	34	41	3	200	20000	
2622	34	42	3	200	20500	
2623	34	43	3	200	21000	
2624	34	44	3	200	21500	
2625	34	45	3	200	22000	
2626	34	46	3	200	22500	
2627	34	47	3	200	23000	
2628	34	48	3	200	23500	
2629	34	49	3	200	24000	
2630	34	50	3	200	24500	1
2631	34	51	3	200	25000	
2632	34	52	3	200	25500	
2633	34	53	3	200	26000	
2634	34	54	3	200	26500	
2635	34	55	3	200	27000	
2636	34	56	3	200	27500	
2637	34	57	3	200	28000	
2638	34	58	3	200	28500	
2639	34	59	3	200	29000	
2640	34	60	3	200	29500	1
2641	34	61	3	200	30000	
2642	34	62	3	200	30500	
2643	34	63	3	200	31000	
2644	34	64	3	200	31500	
2645	34	65	3	200	32000	
2646	34	66	3	200	32500	
2647	34	67	3	200	33000	
2648	34	68	3	200	33500	
2649	34	69	3	200	34000	
2650	34	70	3	200	34500	1
2651	34	71	3	200	35000	
2652	34	72	3	200	35500	
2653	34	73	3	200	36000	
2654	34	74	3	200	36500	
2655	34	75	3	200	37000	
2656	34	76	3	200	37500	
2657	34	77	3	200	38000	
2658	34	78	3	200	38500	
2659	34	79	3	200	39000	
2660	34	80	3	200	39500	1
2661	35	1	3	200		
2662	35	2	3	200	500	
2663	35	3	3	200	1000	
2664	35	4	3	200	1500	
2665	35	5	3	200	2000	
2666	35	6	3	200	2500	
2667	35	7	3	200	3000	
2668	35	8	3	200	3500	
2669	35	9	3	200	4000	
2670	35	10	3	200	4500	1
2671	35	11	3	200	5000	
2672	35	12	3	200	5500	
2673	35	13	3	200	6000	
2674	35	14	3	200	6500	
2675	35	15	3	200	7000	
2676	35	16	3	200	7500	
2677	35	17	3	200	8000	
2678	35	18	3	200	8500	
2679	35	19	3	200	9000	
2680	35	20	3	200	9500	1
2681	35	21	3	200	10000	
2682	35	22	3	200	10500	
2683	35	23	3	200	11000	
2684	35	24	3	200	11500	
2685	35	25	3	200	12000	
2686	35	26	3	200	12500	
2687	35	27	3	200	13000	
2688	35	28	3	200	13500	
2689	35	29	3	200	14000	
2690	35	30	3	200	14500	1
2691	35	31	3	200	15000	
2692	35	32	3	200	15500	
2693	35	33	3	200	16000	
2694	35	34	3	200	16500	
2695	35	35	3	200	17000	
2696	35	36	3	200	17500	
2697	35	37	3	200	18000	
2698	35	38	3	200	18500	
2699	35	39	3	200	19000	
2700	35	40	3	200	19500	1
2701	35	41	3	200	20000	
2702	35	42	3	200	20500	
2703	35	43	3	200	21000	
2704	35	44	3	200	21500	
2705	35	45	3	200	22000	
2706	35	46	3	200	22500	
2707	35	47	3	200	23000	
2708	35	48	3	200	23500	
2709	35	49	3	200	24000	
2710	35	50	3	200	24500	1
2711	35	51	3	200	25000	
2712	35	52	3	200	25500	
2713	35	53	3	200	26000	
2714	35	54	3	200	26500	
2715	35	55	3	200	27000	
2716	35	56	3	200	27500	
2717	35	57	3	200	28000	
2718	35	58	3	200	28500	
2719	35	59	3	200	29000	
2720	35	60	3	200	29500	1
2721	35	61	3	200	30000	
2722	35	62	3	200	30500	
2723	35	63	3	200	31000	
2724	35	64	3	200	31500	
2725	35	65	3	200	32000	
2726	35	66	3	200	32500	
2727	35	67	3	200	33000	
2728	35	68	3	200	33500	
2729	35	69	3	200	34000	
2730	35	70	3	200	34500	1
2731	35	71	3	200	35000	
2732	35	72	3	200	35500	
2733	35	73	3	200	36000	
2734	35	74	3	200	36500	
2735	35	75	3	200	37000	
2736	35	76	3	200	37500	
2737	35	77	3	200	38000	
2738	35	78	3	200	38500	
2739	35	79	3	200	39000	
2740	35	80	3	200	39500	1
2741	36	1	3	200		
2742	36	2	3	200	500	
2743	36	3	3	200	1000	
2744	36	4	3	200	1500	
2745	36	5	3	200	2000	
2746	36	6	3	200	2500	
2747	36	7	3	200	3000	
2748	36	8	3	200	3500	
2749	36	9	3	200	4000	
2750	36	10	3	200	4500	1
2751	36	11	3	200	5000	
2752	36	12	3	200	5500	
2753	36	13	3	200	6000	
2754	36	14	3	200	6500	
2755	36	15	3	200	7000	
2756	36	16	3	200	7500	
2757	36	17	3	200	8000	
2758	36	18	3	200	8500	
2759	36	19	3	200	9000	
2760	36	20	3	200	9500	1
2761	36	21	3	200	10000	
2762	36	22	3	200	10500	
2763	36	23	3	200	11000	
2764	36	24	3	200	11500	
2765	36	25	3	200	12000	
2766	36	26	3	200	12500	
2767	36	27	3	200	13000	
2768	36	28	3	200	13500	
2769	36	29	3	200	14000	
2770	36	30	3	200	14500	1
2771	36	31	3	200	15000	
2772	36	32	3	200	15500	
2773	36	33	3	200	16000	
2774	36	34	3	200	16500	
2775	36	35	3	200	17000	
2776	36	36	3	200	17500	
2777	36	37	3	200	18000	
2778	36	38	3	200	18500	
2779	36	39	3	200	19000	
2780	36	40	3	200	19500	1
2781	36	41	3	200	20000	
2782	36	42	3	200	20500	
2783	36	43	3	200	21000	
2784	36	44	3	200	21500	
2785	36	45	3	200	22000	
2786	36	46	3	200	22500	
2787	36	47	3	200	23000	
2788	36	48	3	200	23500	
2789	36	49	3	200	24000	
2790	36	50	3	200	24500	1
2791	36	51	3	200	25000	
2792	36	52	3	200	25500	
2793	36	53	3	200	26000	
2794	36	54	3	200	26500	
2795	36	55	3	200	27000	
2796	36	56	3	200	27500	
2797	36	57	3	200	28000	
2798	36	58	3	200	28500	
2799	36	59	3	200	29000	
2800	36	60	3	200	29500	1
2801	36	61	3	200	30000	
2802	36	62	3	200	30500	
2803	36	63	3	200	31000	
2804	36	64	3	200	31500	
2805	36	65	3	200	32000	
2806	36	66	3	200	32500	
2807	36	67	3	200	33000	
2808	36	68	3	200	33500	
2809	36	69	3	200	34000	
2810	36	70	3	200	34500	1
2811	36	71	3	200	35000	
2812	36	72	3	200	35500	
2813	36	73	3	200	36000	
2814	36	74	3	200	36500	
2815	36	75	3	200	37000	
2816	36	76	3	200	37500	
2817	36	77	3	200	38000	
2818	36	78	3	200	38500	
2819	36	79	3	200	39000	
2820	36	80	3	200	39500	1
2821	37	1	3	200		
2822	37	2	3	200	500	
2823	37	3	3	200	1000	
2824	37	4	3	200	1500	
2825	37	5	3	200	2000	
2826	37	6	3	200	2500	
2827	37	7	3	200	3000	
2828	37	8	3	200	3500	
2829	37	9	3	200	4000	
2830	37	10	3	200	4500	1
2831	37	11	3	200	5000	
2832	37	12	3	200	5500	
2833	37	13	3	200	6000	
2834	37	14	3	200	6500	
2835	37	15	3	200	7000	
2836	37	16	3	200	7500	
2837	37	17	3	200	8000	
2838	37	18	3	200	8500	
2839	37	19	3	200	9000	
2840	37	20	3	200	9500	1
2841	37	21	3	200	10000	
2842	37	22	3	200	10500	
2843	37	23	3	200	11000	
2844	37	24	3	200	11500	
2845	37	25	3	200	12000	
2846	37	26	3	200	12500	
2847	37	27	3	200	13000	
2848	37	28	3	200	13500	
2849	37	29	3	200	14000	
2850	37	30	3	200	14500	1
2851	37	31	3	200	15000	
2852	37	32	3	200	15500	
2853	37	33	3	200	16000	
2854	37	34	3	200	16500	
2855	37	35	3	200	17000	
2856	37	36	3	200	17500	
2857	37	37	3	200	18000	
2858	37	38	3	200	18500	
2859	37	39	3	200	19000	
2860	37	40	3	200	19500	1
2861	37	41	3	200	20000	
2862	37	42	3	200	20500	
2863	37	43	3	200	21000	
2864	37	44	3	200	21500	
2865	37	45	3	200	22000	
2866	37	46	3	200	22500	
2867	37	47	3	200	23000	
2868	37	48	3	200	23500	
2869	37	49	3	200	24000	
2870	37	50	3	200	24500	1
2871	37	51	3	200	25000	
2872	37	52	3	200	25500	
2873	37	53	3	200	26000	
2874	37	54	3	200	26500	
2875	37	55	3	200	27000	
2876	37	56	3	200	27500	
2877	37	57	3	200	28000	
2878	37	58	3	200	28500	
2879	37	59	3	200	29000	
2880	37	60	3	200	29500	1
2881	37	61	3	200	30000	
2882	37	62	3	200	30500	
2883	37	63	3	200	31000	
2884	37	64	3	200	31500	
2885	37	65	3	200	32000	
2886	37	66	3	200	32500	
2887	37	67	3	200	33000	
2888	37	68	3	200	33500	
2889	37	69	3	200	34000	
2890	37	70	3	200	34500	1
2891	37	71	3	200	35000	
2892	37	72	3	200	35500	
2893	37	73	3	200	36000	
2894	37	74	3	200	36500	
2895	37	75	3	200	37000	
2896	37	76	3	200	37500	
2897	37	77	3	200	38000	
2898	37	78	3	200	38500	
2899	37	79	3	200	39000	
2900	37	80	3	200	39500	1
2901	38	1	3	200		
2902	38	2	3	200	500	
2903	38	3	3	200	1000	
2904	38	4	3	200	1500	
2905	38	5	3	200	2000	
2906	38	6	3	200	2500	
2907	38	7	3	200	3000	
2908	38	8	3	200	3500	
2909	38	9	3	200	4000	
2910	38	10	3	200	4500	1
2911	38	11	3	200	5000	
2912	38	12	3	200	5500	
2913	38	13	3	200	6000	
2914	38	14	3	200	6500	
2915	38	15	3	200	7000	
2916	38	16	3	200	7500	
2917	38	17	3	200	8000	
2918	38	18	3	200	8500	
2919	38	19	3	200	9000	
2920	38	20	3	200	9500	1
2921	38	21	3	200	10000	
2922	38	22	3	200	10500	
2923	38	23	3	200	11000	
2924	38	24	3	200	11500	
2925	38	25	3	200	12000	
2926	38	26	3	200	12500	
2927	38	27	3	200	13000	
2928	38	28	3	200	13500	
2929	38	29	3	200	14000	
2930	38	30	3	200	14500	1
2931	38	31	3	200	15000	
2932	38	32	3	200	15500	
2933	38	33	3	200	16000	
2934	38	34	3	200	16500	
2935	38	35	3	200	17000	
2936	38	36	3	200	17500	
2937	38	37	3	200	18000	
2938	38	38	3	200	18500	
2939	38	39	3	200	19000	
2940	38	40	3	200	19500	1
2941	38	41	3	200	20000	
2942	38	42	3	200	20500	
2943	38	43	3	200	21000	
2944	38	44	3	200	21500	
2945	38	45	3	200	22000	
2946	38	46	3	200	22500	
2947	38	47	3	200	23000	
2948	38	48	3	200	23500	
2949	38	49	3	200	24000	
2950	38	50	3	200	24500	1
2951	38	51	3	200	25000	
2952	38	52	3	200	25500	
2953	38	53	3	200	26000	
2954	38	54	3	200	26500	
2955	38	55	3	200	27000	
2956	38	56	3	200	27500	
2957	38	57	3	200	28000	
2958	38	58	3	200	28500	
2959	38	59	3	200	29000	
2960	38	60	3	200	29500	1
2961	38	61	3	200	30000	
2962	38	62	3	200	30500	
2963	38	63	3	200	31000	
2964	38	64	3	200	31500	
2965	38	65	3	200	32000	
2966	38	66	3	200	32500	
2967	38	67	3	200	33000	
2968	38	68	3	200	33500	
2969	38	69	3	200	34000	
2970	38	70	3	200	34500	1
2971	38	71	3	200	35000	
2972	38	72	3	200	35500	
2973	38	73	3	200	36000	
2974	38	74	3	200	36500	
2975	38	75	3	200	37000	
2976	38	76	3	200	37500	
2977	38	77	3	200	38000	
2978	38	78	3	200	38500	
2979	38	79	3	200	39000	
2980	38	80	3	200	39500	1
2981	39	1	3	200		
2982	39	2	3	200	500	
2983	39	3	3	200	1000	
2984	39	4	3	200	1500	
2985	39	5	3	200	2000	
2986	39	6	3	200	2500	
2987	39	7	3	200	3000	
2988	39	8	3	200	3500	
2989	39	9	3	200	4000	
2990	39	10	3	200	4500	1
2991	39	11	3	200	5000	
2992	39	12	3	200	5500	
2993	39	13	3	200	6000	
2994	39	14	3	200	6500	
2995	39	15	3	200	7000	
2996	39	16	3	200	7500	
2997	39	17	3	200	8000	
2998	39	18	3	200	8500	
2999	39	19	3	200	9000	
3000	39	20	3	200	9500	1
3001	39	21	3	200	10000	
3002	39	22	3	200	10500	
3003	39	23	3	200	11000	
3004	39	24	3	200	11500	
3005	39	25	3	200	12000	
3006	39	26	3	200	12500	
3007	39	27	3	200	13000	
3008	39	28	3	200	13500	
3009	39	29	3	200	14000	
3010	39	30	3	200	14500	1
3011	39	31	3	200	15000	
3012	39	32	3	200	15500	
3013	39	33	3	200	16000	
3014	39	34	3	200	16500	
3015	39	35	3	200	17000	
3016	39	36	3	200	17500	
3017	39	37	3	200	18000	
3018	39	38	3	200	18500	
3019	39	39	3	200	19000	
3020	39	40	3	200	19500	1
3021	39	41	3	200	20000	
3022	39	42	3	200	20500	
3023	39	43	3	200	21000	
3024	39	44	3	200	21500	
3025	39	45	3	200	22000	
3026	39	46	3	200	22500	
3027	39	47	3	200	23000	
3028	39	48	3	200	23500	
3029	39	49	3	200	24000	
3030	39	50	3	200	24500	1
3031	39	51	3	200	25000	
3032	39	52	3	200	25500	
3033	39	53	3	200	26000	
3034	39	54	3	200	26500	
3035	39	55	3	200	27000	
3036	39	56	3	200	27500	
3037	39	57	3	200	28000	
3038	39	58	3	200	28500	
3039	39	59	3	200	29000	
3040	39	60	3	200	29500	1
3041	39	61	3	200	30000	
3042	39	62	3	200	30500	
3043	39	63	3	200	31000	
3044	39	64	3	200	31500	
3045	39	65	3	200	32000	
3046	39	66	3	200	32500	
3047	39	67	3	200	33000	
3048	39	68	3	200	33500	
3049	39	69	3	200	34000	
3050	39	70	3	200	34500	1
3051	39	71	3	200	35000	
3052	39	72	3	200	35500	
3053	39	73	3	200	36000	
3054	39	74	3	200	36500	
3055	39	75	3	200	37000	
3056	39	76	3	200	37500	
3057	39	77	3	200	38000	
3058	39	78	3	200	38500	
3059	39	79	3	200	39000	
3060	39	80	3	200	39500	1
3061	40	1	3	200		
3062	40	2	3	200	500	
3063	40	3	3	200	1000	
3064	40	4	3	200	1500	
3065	40	5	3	200	2000	
3066	40	6	3	200	2500	
3067	40	7	3	200	3000	
3068	40	8	3	200	3500	
3069	40	9	3	200	4000	
3070	40	10	3	200	4500	1
3071	40	11	3	200	5000	
3072	40	12	3	200	5500	
3073	40	13	3	200	6000	
3074	40	14	3	200	6500	
3075	40	15	3	200	7000	
3076	40	16	3	200	7500	
3077	40	17	3	200	8000	
3078	40	18	3	200	8500	
3079	40	19	3	200	9000	
3080	40	20	3	200	9500	1
3081	40	21	3	200	10000	
3082	40	22	3	200	10500	
3083	40	23	3	200	11000	
3084	40	24	3	200	11500	
3085	40	25	3	200	12000	
3086	40	26	3	200	12500	
3087	40	27	3	200	13000	
3088	40	28	3	200	13500	
3089	40	29	3	200	14000	
3090	40	30	3	200	14500	1
3091	40	31	3	200	15000	
3092	40	32	3	200	15500	
3093	40	33	3	200	16000	
3094	40	34	3	200	16500	
3095	40	35	3	200	17000	
3096	40	36	3	200	17500	
3097	40	37	3	200	18000	
3098	40	38	3	200	18500	
3099	40	39	3	200	19000	
3100	40	40	3	200	19500	1
3101	40	41	3	200	20000	
3102	40	42	3	200	20500	
3103	40	43	3	200	21000	
3104	40	44	3	200	21500	
3105	40	45	3	200	22000	
3106	40	46	3	200	22500	
3107	40	47	3	200	23000	
3108	40	48	3	200	23500	
3109	40	49	3	200	24000	
3110	40	50	3	200	24500	1
3111	40	51	3	200	25000	
3112	40	52	3	200	25500	
3113	40	53	3	200	26000	
3114	40	54	3	200	26500	
3115	40	55	3	200	27000	
3116	40	56	3	200	27500	
3117	40	57	3	200	28000	
3118	40	58	3	200	28500	
3119	40	59	3	200	29000	
3120	40	60	3	200	29500	1
3121	40	61	3	200	30000	
3122	40	62	3	200	30500	
3123	40	63	3	200	31000	
3124	40	64	3	200	31500	
3125	40	65	3	200	32000	
3126	40	66	3	200	32500	
3127	40	67	3	200	33000	
3128	40	68	3	200	33500	
3129	40	69	3	200	34000	
3130	40	70	3	200	34500	1
3131	40	71	3	200	35000	
3132	40	72	3	200	35500	
3133	40	73	3	200	36000	
3134	40	74	3	200	36500	
3135	40	75	3	200	37000	
3136	40	76	3	200	37500	
3137	40	77	3	200	38000	
3138	40	78	3	200	38500	
3139	40	79	3	200	39000	
3140	40	80	3	200	39500	1
3141	41	1	3	200		
3142	41	2	3	200	500	
3143	41	3	3	200	1000	
3144	41	4	3	200	1500	
3145	41	5	3	200	2000	
3146	41	6	3	200	2500	
3147	41	7	3	200	3000	
3148	41	8	3	200	3500	
3149	41	9	3	200	4000	
3150	41	10	3	200	4500	1
3151	41	11	3	200	5000	
3152	41	12	3	200	5500	
3153	41	13	3	200	6000	
3154	41	14	3	200	6500	
3155	41	15	3	200	7000	
3156	41	16	3	200	7500	
3157	41	17	3	200	8000	
3158	41	18	3	200	8500	
3159	41	19	3	200	9000	
3160	41	20	3	200	9500	1
3161	41	21	3	200	10000	
3162	41	22	3	200	10500	
3163	41	23	3	200	11000	
3164	41	24	3	200	11500	
3165	41	25	3	200	12000	
3166	41	26	3	200	12500	
3167	41	27	3	200	13000	
3168	41	28	3	200	13500	
3169	41	29	3	200	14000	
3170	41	30	3	200	14500	1
3171	41	31	3	200	15000	
3172	41	32	3	200	15500	
3173	41	33	3	200	16000	
3174	41	34	3	200	16500	
3175	41	35	3	200	17000	
3176	41	36	3	200	17500	
3177	41	37	3	200	18000	
3178	41	38	3	200	18500	
3179	41	39	3	200	19000	
3180	41	40	3	200	19500	1
3181	41	41	3	200	20000	
3182	41	42	3	200	20500	
3183	41	43	3	200	21000	
3184	41	44	3	200	21500	
3185	41	45	3	200	22000	
3186	41	46	3	200	22500	
3187	41	47	3	200	23000	
3188	41	48	3	200	23500	
3189	41	49	3	200	24000	
3190	41	50	3	200	24500	1
3191	41	51	3	200	25000	
3192	41	52	3	200	25500	
3193	41	53	3	200	26000	
3194	41	54	3	200	26500	
3195	41	55	3	200	27000	
3196	41	56	3	200	27500	
3197	41	57	3	200	28000	
3198	41	58	3	200	28500	
3199	41	59	3	200	29000	
3200	41	60	3	200	29500	1
3201	41	61	3	200	30000	
3202	41	62	3	200	30500	
3203	41	63	3	200	31000	
3204	41	64	3	200	31500	
3205	41	65	3	200	32000	
3206	41	66	3	200	32500	
3207	41	67	3	200	33000	
3208	41	68	3	200	33500	
3209	41	69	3	200	34000	
3210	41	70	3	200	34500	1
3211	41	71	3	200	35000	
3212	41	72	3	200	35500	
3213	41	73	3	200	36000	
3214	41	74	3	200	36500	
3215	41	75	3	200	37000	
3216	41	76	3	200	37500	
3217	41	77	3	200	38000	
3218	41	78	3	200	38500	
3219	41	79	3	200	39000	
3220	41	80	3	200	39500	1
3221	42	1	3	200		
3222	42	2	3	200	500	
3223	42	3	3	200	1000	
3224	42	4	3	200	1500	
3225	42	5	3	200	2000	
3226	42	6	3	200	2500	
3227	42	7	3	200	3000	
3228	42	8	3	200	3500	
3229	42	9	3	200	4000	
3230	42	10	3	200	4500	1
3231	42	11	3	200	5000	
3232	42	12	3	200	5500	
3233	42	13	3	200	6000	
3234	42	14	3	200	6500	
3235	42	15	3	200	7000	
3236	42	16	3	200	7500	
3237	42	17	3	200	8000	
3238	42	18	3	200	8500	
3239	42	19	3	200	9000	
3240	42	20	3	200	9500	1
3241	42	21	3	200	10000	
3242	42	22	3	200	10500	
3243	42	23	3	200	11000	
3244	42	24	3	200	11500	
3245	42	25	3	200	12000	
3246	42	26	3	200	12500	
3247	42	27	3	200	13000	
3248	42	28	3	200	13500	
3249	42	29	3	200	14000	
3250	42	30	3	200	14500	1
3251	42	31	3	200	15000	
3252	42	32	3	200	15500	
3253	42	33	3	200	16000	
3254	42	34	3	200	16500	
3255	42	35	3	200	17000	
3256	42	36	3	200	17500	
3257	42	37	3	200	18000	
3258	42	38	3	200	18500	
3259	42	39	3	200	19000	
3260	42	40	3	200	19500	1
3261	42	41	3	200	20000	
3262	42	42	3	200	20500	
3263	42	43	3	200	21000	
3264	42	44	3	200	21500	
3265	42	45	3	200	22000	
3266	42	46	3	200	22500	
3267	42	47	3	200	23000	
3268	42	48	3	200	23500	
3269	42	49	3	200	24000	
3270	42	50	3	200	24500	1
3271	42	51	3	200	25000	
3272	42	52	3	200	25500	
3273	42	53	3	200	26000	
3274	42	54	3	200	26500	
3275	42	55	3	200	27000	
3276	42	56	3	200	27500	
3277	42	57	3	200	28000	
3278	42	58	3	200	28500	
3279	42	59	3	200	29000	
3280	42	60	3	200	29500	1
3281	42	61	3	200	30000	
3282	42	62	3	200	30500	
3283	42	63	3	200	31000	
3284	42	64	3	200	31500	
3285	42	65	3	200	32000	
3286	42	66	3	200	32500	
3287	42	67	3	200	33000	
3288	42	68	3	200	33500	
3289	42	69	3	200	34000	
3290	42	70	3	200	34500	1
3291	42	71	3	200	35000	
3292	42	72	3	200	35500	
3293	42	73	3	200	36000	
3294	42	74	3	200	36500	
3295	42	75	3	200	37000	
3296	42	76	3	200	37500	
3297	42	77	3	200	38000	
3298	42	78	3	200	38500	
3299	42	79	3	200	39000	
3300	42	80	3	200	39500	1
3301	43	1	3	200		
3302	43	2	3	200	500	
3303	43	3	3	200	1000	
3304	43	4	3	200	1500	
3305	43	5	3	200	2000	
3306	43	6	3	200	2500	
3307	43	7	3	200	3000	
3308	43	8	3	200	3500	
3309	43	9	3	200	4000	
3310	43	10	3	200	4500	1
3311	43	11	3	200	5000	
3312	43	12	3	200	5500	
3313	43	13	3	200	6000	
3314	43	14	3	200	6500	
3315	43	15	3	200	7000	
3316	43	16	3	200	7500	
3317	43	17	3	200	8000	
3318	43	18	3	200	8500	
3319	43	19	3	200	9000	
3320	43	20	3	200	9500	1
3321	43	21	3	200	10000	
3322	43	22	3	200	10500	
3323	43	23	3	200	11000	
3324	43	24	3	200	11500	
3325	43	25	3	200	12000	
3326	43	26	3	200	12500	
3327	43	27	3	200	13000	
3328	43	28	3	200	13500	
3329	43	29	3	200	14000	
3330	43	30	3	200	14500	1
3331	43	31	3	200	15000	
3332	43	32	3	200	15500	
3333	43	33	3	200	16000	
3334	43	34	3	200	16500	
3335	43	35	3	200	17000	
3336	43	36	3	200	17500	
3337	43	37	3	200	18000	
3338	43	38	3	200	18500	
3339	43	39	3	200	19000	
3340	43	40	3	200	19500	1
3341	43	41	3	200	20000	
3342	43	42	3	200	20500	
3343	43	43	3	200	21000	
3344	43	44	3	200	21500	
3345	43	45	3	200	22000	
3346	43	46	3	200	22500	
3347	43	47	3	200	23000	
3348	43	48	3	200	23500	
3349	43	49	3	200	24000	
3350	43	50	3	200	24500	1
3351	43	51	3	200	25000	
3352	43	52	3	200	25500	
3353	43	53	3	200	26000	
3354	43	54	3	200	26500	
3355	43	55	3	200	27000	
3356	43	56	3	200	27500	
3357	43	57	3	200	28000	
3358	43	58	3	200	28500	
3359	43	59	3	200	29000	
3360	43	60	3	200	29500	1
3361	43	61	3	200	30000	
3362	43	62	3	200	30500	
3363	43	63	3	200	31000	
3364	43	64	3	200	31500	
3365	43	65	3	200	32000	
3366	43	66	3	200	32500	
3367	43	67	3	200	33000	
3368	43	68	3	200	33500	
3369	43	69	3	200	34000	
3370	43	70	3	200	34500	1
3371	43	71	3	200	35000	
3372	43	72	3	200	35500	
3373	43	73	3	200	36000	
3374	43	74	3	200	36500	
3375	43	75	3	200	37000	
3376	43	76	3	200	37500	
3377	43	77	3	200	38000	
3378	43	78	3	200	38500	
3379	43	79	3	200	39000	
3380	43	80	3	200	39500	1
3381	44	1	3	200		
3382	44	2	3	200	500	
3383	44	3	3	200	1000	
3384	44	4	3	200	1500	
3385	44	5	3	200	2000	
3386	44	6	3	200	2500	
3387	44	7	3	200	3000	
3388	44	8	3	200	3500	
3389	44	9	3	200	4000	
3390	44	10	3	200	4500	1
3391	44	11	3	200	5000	
3392	44	12	3	200	5500	
3393	44	13	3	200	6000	
3394	44	14	3	200	6500	
3395	44	15	3	200	7000	
3396	44	16	3	200	7500	
3397	44	17	3	200	8000	
3398	44	18	3	200	8500	
3399	44	19	3	200	9000	
3400	44	20	3	200	9500	1
3401	44	21	3	200	10000	
3402	44	22	3	200	10500	
3403	44	23	3	200	11000	
3404	44	24	3	200	11500	
3405	44	25	3	200	12000	
3406	44	26	3	200	12500	
3407	44	27	3	200	13000	
3408	44	28	3	200	13500	
3409	44	29	3	200	14000	
3410	44	30	3	200	14500	1
3411	44	31	3	200	15000	
3412	44	32	3	200	15500	
3413	44	33	3	200	16000	
3414	44	34	3	200	16500	
3415	44	35	3	200	17000	
3416	44	36	3	200	17500	
3417	44	37	3	200	18000	
3418	44	38	3	200	18500	
3419	44	39	3	200	19000	
3420	44	40	3	200	19500	1
3421	44	41	3	200	20000	
3422	44	42	3	200	20500	
3423	44	43	3	200	21000	
3424	44	44	3	200	21500	
3425	44	45	3	200	22000	
3426	44	46	3	200	22500	
3427	44	47	3	200	23000	
3428	44	48	3	200	23500	
3429	44	49	3	200	24000	
3430	44	50	3	200	24500	1
3431	44	51	3	200	25000	
3432	44	52	3	200	25500	
3433	44	53	3	200	26000	
3434	44	54	3	200	26500	
3435	44	55	3	200	27000	
3436	44	56	3	200	27500	
3437	44	57	3	200	28000	
3438	44	58	3	200	28500	
3439	44	59	3	200	29000	
3440	44	60	3	200	29500	1
3441	44	61	3	200	30000	
3442	44	62	3	200	30500	
3443	44	63	3	200	31000	
3444	44	64	3	200	31500	
3445	44	65	3	200	32000	
3446	44	66	3	200	32500	
3447	44	67	3	200	33000	
3448	44	68	3	200	33500	
3449	44	69	3	200	34000	
3450	44	70	3	200	34500	1
3451	44	71	3	200	35000	
3452	44	72	3	200	35500	
3453	44	73	3	200	36000	
3454	44	74	3	200	36500	
3455	44	75	3	200	37000	
3456	44	76	3	200	37500	
3457	44	77	3	200	38000	
3458	44	78	3	200	38500	
3459	44	79	3	200	39000	
3460	44	80	3	200	39500	1
