Id	Type	AttribId	PromotedId
10110021	1	101021	101021
10110022	1	101022	101022
10110023	1	101023	101023
10110024	1	101024	101024
10110025	1	101025	101025
10110026	1	101026	101026
10210011	1	102011	102011
10210012	1	102012	102012
10210013	1	102013	102013
10210014	1	102014	102014
10210015	1	102015	102015
10210016	1	102016	102016
10310011	3	103011	103011
10310012	3	103012	103012
10310013	3	103013	103013
10310014	3	103014	103014
10310015	3	103015	103015
10310016	3	103016	103016
10410021	1	104021	104021
10410022	1	104022	104022
10410023	1	104023	104023
10410024	1	104024	104024
10410025	1	104025	104025
10410026	1	104026	104026
10510011	2	105011	105011
10510012	2	105012	105012
10510013	2	105013	105013
10510014	2	105014	105014
10510015	2	105015	105015
10510016	2	105016	105016
10610021	2	106021	106021
10610022	2	106022	106022
10610023	2	106023	106023
10610024	2	106024	106024
10610025	2	106025	106025
10610026	2	106026	106026
10710021	1	107021	107021
10710022	1	107022	107022
10710023	1	107023	107023
10710024	1	107024	107024
10710025	1	107025	107025
10710026	1	107026	107026
10810021	1	108021	108021
10810022	1	108022	108022
10810023	1	108023	108023
10810024	1	108024	108024
10810025	1	108025	108025
10810026	1	108026	108026
10210021	1	102021	102021
10210022	1	102022	102022
10210023	1	102023	102023
10210024	1	102024	102024
10210025	1	102025	102025
10210026	1	102026	102026
10310021	3	103021	103021
10310022	3	103022	103022
10310023	3	103023	103023
10310024	3	103024	103024
10310025	3	103025	103025
10310026	3	103026	103026
10310031	3	103031	103031
10310032	3	103032	103032
10310033	3	103033	103033
10310034	3	103034	103034
10310035	3	103035	103035
10310036	3	103036	103036
10610031	2	106031	106031
10610032	2	106032	106032
10610033	2	106033	106033
10610034	2	106034	106034
10610035	2	106035	106035
10610036	2	106036	106036
10110031	1	101031	101031
10110032	1	101032	101032
10110033	1	101033	101033
10110034	1	101034	101034
10110035	1	101035	101035
10110036	1	101036	101036
10710031	1	107031	107031
10710032	1	107032	107032
10710033	1	107033	107033
10710034	1	107034	107034
10710035	1	107035	107035
10710036	1	107036	107036
10510031	2	105031	105031
10510032	2	105032	105032
10510033	2	105033	105033
10510034	2	105034	105034
10510035	2	105035	105035
10510036	2	105036	105036
10210031	1	102031	102031
10210032	1	102032	102032
10210033	1	102033	102033
10210034	1	102034	102034
10210035	1	102035	102035
10210036	1	102036	102036
19990	1	102011	102011
11170	3	107036	107036
10260	2	1026	1026
10810031	1	108031	108031
10810032	1	108032	108032
10810033	1	108033	108033
10810034	1	108034	108034
10810035	1	108035	108035
10810036	1	108036	108036
10910021	2	109021	109021
10910022	2	109022	109022
10910023	2	109023	109023
10910024	2	109024	109024
10910025	2	109025	109025
10910026	2	109026	109026
10410031	1	104031	104031
10410032	1	104032	104032
10410033	1	104033	104033
10410034	1	104034	104034
10410035	1	104035	104035
10410036	1	104036	104036
11110021	3	111021	111021
11110022	3	111022	111022
11110023	3	111023	111023
11110024	3	111024	111024
11110025	3	111025	111025
11110026	3	111026	111026
11210021	2	112021	112021
11210022	2	112022	112022
11210023	2	112023	112023
11210024	2	112024	112024
11210025	2	112025	112025
11210026	2	112026	112026
11320	1	60011	60010
10320	1	60011	60010
12320	1	102046	102046
11150	2	60011	60010
11070	2	60011	60010
13120	1	60012	60010
10210041	1	102041	102041
10210042	1	102042	102042
10210043	1	102043	102043
10210044	1	102044	102044
10210045	1	102045	102045
10210046	1	102046	102046
11310021	3	113021	113021
11310022	3	113022	113022
11310023	3	113023	113023
11310024	3	113024	113024
11310025	3	113025	113025
11310026	3	113026	113026
15110031	4	151031	151031
15110032	4	151032	151032
15110033	4	151033	151033
15110034	4	151034	151034
15110035	4	151035	151035
15110036	4	151036	151036
11410031	2	114031	114031
11410032	2	114032	114032
11410033	2	114033	114033
11410034	2	114034	114034
11410035	2	114035	114035
11410036	2	114036	114036
15210031	4	152031	152031
15210032	4	152032	152032
15210033	4	152033	152033
15210034	4	152034	152034
15210035	4	152035	152035
15210036	4	152036	152036
11610021	2	116021	116021
11610022	2	116022	116022
11610023	2	116023	116023
11610024	2	116024	116024
11610025	2	116025	116025
11610026	2	116026	116026
11710031	1	117031	117031
11710032	1	117032	117032
11710033	1	117033	117033
11710034	1	117034	117034
11710035	1	117035	117035
11710036	1	117036	117036
11810031	1	118031	118031
11810032	1	118032	118032
11810033	1	118033	118033
11810034	1	118034	118034
11810035	1	118035	118035
11810036	1	118036	118036
11910031	3	119031	119031
11910032	3	119032	119032
11910033	3	119033	119033
11910034	3	119034	119034
11910035	3	119035	119035
11910036	3	119036	119036
12010031	2	120031	120031
12010032	2	120032	120032
12010033	2	120033	120033
12010034	2	120034	120034
12010035	2	120035	120035
12010036	2	120036	120036
12110021	3	121021	121021
12110022	3	121022	121022
12110023	3	121023	121023
12110024	3	121024	121024
12110025	3	121025	121025
12110026	3	121026	121026
15310031	4	153031	153031
15310032	4	153032	153032
15310033	4	153033	153033
15310034	4	153034	153034
15310035	4	153035	153035
15310036	4	153036	153036
11210031	2	112031	112031
11210032	2	112032	112032
11210033	2	112033	112033
11210034	2	112034	112034
11210035	2	112035	112035
11210036	2	112036	112036
12210021	2	122021	122021
12210022	2	122022	122022
12210023	2	122023	122023
12210024	2	122024	122024
12210025	2	122025	122025
12210026	2	122026	122026
11310031	2	113031	113031
11310032	2	113032	113032
11310033	2	113033	113033
11310034	2	113034	113034
11310035	2	113035	113035
11310036	2	113036	113036
15410031	4	154031	154031
15410032	4	154032	154032
15410033	4	154033	154033
15410034	4	154034	154034
15410035	4	154035	154035
15410036	4	154036	154036
10310041	5	103041	103041
10310042	5	103042	103042
10310043	5	103043	103043
10310044	5	103044	103044
10310045	5	103045	103045
10310046	5	103046	103046
15310041	5	153041	153041
15310042	5	153042	153042
15310043	5	153043	153043
15310044	5	153044	153044
15310045	5	153045	153045
15310046	5	153046	153046
15510031	4	155031	155031
15510032	4	155032	155032
15510033	4	155033	155033
15510034	4	155034	155034
15510035	4	155035	155035
15510036	4	155036	155036
10510041	2	105041	105041
10510042	2	105042	105042
10510043	2	105043	105043
10510044	2	105044	105044
10510045	2	105045	105045
10510046	2	105046	105046
15610031	4	156031	156031
15610032	4	156032	156032
15610033	4	156033	156033
15610034	4	156034	156034
15610035	4	156035	156035
15610036	4	156036	156036
10710041	2	107041	107041
10710042	2	107042	107042
10710043	2	107043	107043
10710044	2	107044	107044
10710045	2	107045	107045
10710046	2	107046	107046
15710031	4	157031	157031
15710032	4	157032	157032
15710033	4	157033	157033
15710034	4	157034	157034
15710035	4	157035	157035
15710036	4	157036	157036
10410041	1	104041	104041
10410042	1	104042	104042
10410043	1	104043	104043
10410044	1	104044	104044
10410045	1	104045	104045
10410046	1	104046	104046
12310021	1	123021	123021
12310022	1	123022	123022
12310023	1	123023	123023
12310024	1	123024	123024
12310025	1	123025	123025
12310026	1	123026	123026
10110041	1	101041	101041
10110042	1	101042	101042
10110043	1	101043	101043
10110044	1	101044	101044
10110045	1	101045	101045
10110046	1	101046	101046
10910031	5	109031	109031
10910032	5	109032	109032
10910033	5	109033	109033
10910034	5	109034	109034
10910035	5	109035	109035
10910036	5	109036	109036
10210051	1	102051	102051
10210052	1	102052	102052
10210053	1	102053	102053
10210054	1	102054	102054
10210055	1	102055	102055
10210056	1	102056	102056
12410021	3	124021	124021
12410022	3	124022	124022
12410023	3	124023	124023
12410024	3	124024	124024
12410025	3	124025	124025
12410026	3	124026	124026
12210031	5	122031	122031
12210032	5	122032	122032
12210033	5	122033	122033
12210034	5	122034	122034
12210035	5	122035	122035
12210036	5	122036	122036
12510021	1	125021	125021
12510022	1	125022	125022
12510023	1	125023	125023
12510024	1	125024	125024
12510025	1	125025	125025
12510026	1	125026	125026
12610031	5	126031	126031
12610032	5	126032	126032
12610033	5	126033	126033
12610034	5	126034	126034
12610035	5	126035	126035
12610036	5	126036	126036
12710031	1	127031	127031
12710032	1	127032	127032
12710033	1	127033	127033
12710034	1	127034	127034
12710035	1	127035	127035
12710036	1	127036	127036
12810021	1	128021	128021
12810022	1	128022	128022
12810023	1	128023	128023
12810024	1	128024	128024
12810025	1	128025	128025
12810026	1	128026	128026
10810041	2	108041	108041
10810042	2	108042	108042
10810043	2	108043	108043
10810044	2	108044	108044
10810045	2	108045	108045
10810046	2	108046	108046
15210041	1	152041	152041
15210042	1	152042	152042
15210043	1	152043	152043
15210044	1	152044	152044
15210045	1	152045	152045
15210046	1	152046	152046
12910021	3	129021	129021
12910022	3	129022	129022
12910023	3	129023	129023
12910024	3	129024	129024
12910025	3	129025	129025
12910026	3	129026	129026
11710041	6	117041	117041
11710042	6	117042	117042
11710043	6	117043	117043
11710044	6	117044	117044
11710045	6	117045	117045
11710046	6	117046	117046
13010021	2	130021	130021
13010022	2	130022	130022
13010023	2	130023	130023
13010024	2	130024	130024
13010025	2	130025	130025
13010026	2	130026	130026
12410031	2	124031	124031
12410032	2	124032	124032
12410033	2	124033	124033
12410034	2	124034	124034
12410035	2	124035	124035
12410036	2	124036	124036
12110031	2	121031	121031
12110032	2	121032	121032
12110033	2	121033	121033
12110034	2	121034	121034
12110035	2	121035	121035
12110036	2	121036	121036
10210061	1	102061	102061
10210062	1	102062	102062
10210063	1	102063	102063
10210064	1	102064	102064
10210065	1	102065	102065
10210066	1	102066	102066
13110021	1	131021	131021
13110022	1	131022	131022
13110023	1	131023	131023
13110024	1	131024	131024
13110025	1	131025	131025
13110026	1	131026	131026
10510051	2	105051	105051
10510052	2	105052	105052
10510053	2	105053	105053
10510054	2	105054	105054
10510055	2	105055	105055
10510056	2	105056	105056
13210031	7	132031	132031
13210032	7	132032	132032
13210033	7	132033	132033
13210034	7	132034	132034
13210035	7	132035	132035
13210036	7	132036	132036
13310031	5	133031	133031
13310032	5	133032	133032
13310033	5	133033	133033
13310034	5	133034	133034
13310035	5	133035	133035
13310036	5	133036	133036
15310051	1	153051	153051
15310052	1	153052	153052
15310053	1	153053	153053
15310054	1	153054	153054
15310055	1	153055	153055
15310056	1	153056	153056
13410021	1	134021	134021
13410022	1	134022	134022
13410023	1	134023	134023
13410024	1	134024	134024
13410025	1	134025	134025
13410026	1	134026	134026
11310041	5	113041	113041
11310042	5	113042	113042
11310043	5	113043	113043
11310044	5	113044	113044
11310045	5	113045	113045
11310046	5	113046	113046
13510031	1	135031	135031
13510032	1	135032	135032
13510033	1	135033	135033
13510034	1	135034	135034
13510035	1	135035	135035
13510036	1	135036	135036
13610031	1	136031	136031
13610032	1	136032	136032
13610033	1	136033	136033
13610034	1	136034	136034
13610035	1	136035	136035
13610036	1	136036	136036
10410051	1	104051	104051
10410052	1	104052	104052
10410053	1	104053	104053
10410054	1	104054	104054
10410055	1	104055	104055
10410056	1	104056	104056
13710021	1	137021	137021
13710022	1	137022	137022
13710023	1	137023	137023
13710024	1	137024	137024
13710025	1	137025	137025
13710026	1	137026	137026
13810031	5	138031	138031
13810032	5	138032	138032
13810033	5	138033	138033
13810034	5	138034	138034
13810035	5	138035	138035
13810036	5	138036	138036
10310051	1	103051	103051
10310052	1	103052	103052
10310053	1	103053	103053
10310054	1	103054	103054
10310055	1	103055	103055
10310056	1	103056	103056
12910031	5	129031	129031
12910032	5	129032	129032
12910033	5	129033	129033
12910034	5	129034	129034
12910035	5	129035	129035
12910036	5	129036	129036
11410041	8	114041	114041
11410042	8	114042	114042
11410043	8	114043	114043
11410044	8	114044	114044
11410045	8	114045	114045
11410046	8	114046	114046
13910031	5	139031	139031
13910032	5	139032	139032
13910033	5	139033	139033
13910034	5	139034	139034
13910035	5	139035	139035
13910036	5	139036	139036
10610041	8	106041	106041
10610042	8	106042	106042
10610043	8	106043	106043
10610044	8	106044	106044
10610045	8	106045	106045
10610046	8	106046	106046
1002	1	1002	1
1018	1	1018	1
1009	2	1009	1
1004	1	1004	1
1016	2	1016	1
1023	3	1023	1
1217	1	90008	90004
1317	1	89	0
1006	1	1006	1
1011	1	1011	1
1003	1	1003	1
1026	1	13	1
1012	1	1012	1
1001	1	1001	1
1005	2	1005	1
1007	1	1007	1
1008	1	1008	1
1013	3	1013	1
1014	1	1014	1
1102	1	1102	1
1103	1	1103	1
1106	4	1106	1
1116	4	89	0
1022	1	1022	1
1015	2	1015	1
1092	1	8482	8482
1101	3	1101	1
1017	1	1017	1
1117	1	89	0
1108	1	1108	1
1032	1	1032	1
1132	1	1132	1
1232	1	1032	1
1302	1	1302	1302
1312	1	1312	1302
1104	4	1104	1
1105	2	1105	1
1107	2	1107	1
8382	2	1107	1
1109	3	1109	1
1301	1	1301	1
1112	1	1112	1
1303	2	1303	1
1393	1	1393	1
1383	2	0	1
1373	2	0	1
1365	1	0	1
1353	1	0	1
1113	2	1113	1
1193	2	0	1
1901	1	1901	0
1033	2	1033	1
1093	1	1093	1
1083	1	1093	1
1073	1	1093	1
1311	1	1311	1
1304	2	1304	1
1394	1	1093	1
1384	1	1093	1
1374	1	1093	1
7304	2	1304	1
7314	2	1304	1
7374	1	1093	1
1305	2	156031	156031
1027	1	107041	107041
1306	3	1306	1
1024	1	1004	1
1021	1	101041	1
1221	1	101041	1
1121	1	123021	123021
8511	2	8511	8511
1019	5	1009	1
1052	1	1022	1
1752	1	1022	1
1852	1	1022	1
1952	1	1022	1
1307	1	1107	1
1114	3	124021	124021
1124	2	124031	124031
1067	2	124031	124031
1313	1	122031	122031
1028	5	126031	4706
1029	5	122031	122031
1138	1	1022	1
1038	2	108041	108041
1041	3	129021	129021
1042	3	129021	129021
4100	1	0	1
4101	1	4101	1
4201	1	4201	1
4112	1	4101	1
4212	1	4201	1
4114	1	4101	1
4214	1	4201	1
4115	1	4101	1
4215	1	4201	1
4135	1	4101	1
4235	1	4201	1
4137	1	4101	1
4237	1	4201	1
4301	1	4301	1
4401	1	4401	1
4105	1	4105	1
4205	1	4205	1
4123	1	4101	1
4223	1	4201	1
4128	1	4101	1
4228	1	4201	1
4129	1	4101	1
4229	1	4201	1
4136	1	4101	1
4236	1	4201	1
4103	1	4101	1
4203	1	4201	1
4104	1	4101	1
4204	1	4201	1
4126	1	4103	1
4226	1	4203	1
4106	1	4103	1
4206	1	4203	1
4116	1	4103	1
4216	1	4203	1
4120	1	4103	1
4220	1	4203	1
4124	1	4103	1
4224	1	4203	1
4125	1	4103	1
4225	1	4203	1
4107	1	4105	1
4207	1	4205	1
4108	1	4101	1
4208	1	4201	1
4110	1	4101	1
4210	1	4201	1
4111	1	4101	1
4211	1	4201	1
4113	1	4101	1
4213	1	4201	1
4118	1	4101	1
4218	1	4201	1
4121	1	4101	1
4221	1	4201	1
4122	1	4101	1
4222	1	4201	1
4127	1	4101	1
4227	1	4201	1
4131	1	4101	1
4231	1	4201	1
4232	1	4201	1
4109	1	4105	1
4209	1	4205	1
4117	1	4105	1
4217	1	4205	1
4119	1	4101	1
4219	1	4201	1
4130	1	4101	1
4230	1	4201	1
4133	1	4101	1
4233	1	4201	1
4132	1	4101	1
4134	1	4201	1
4234	1	4101	1
4138	1	4201	1
4238	1	4101	1
1201	2	1201	1
1202	2	1202	1
1207	1	1202	1
1203	2	1203	1
1205	1	1205	1
1208	1	1205	1
1204	1	1204	1
1206	1	1206	1
1211	1	101041	1
1222	1	0	0
9364	2	0	0
1126	1	152041	1
1136	1	122031	122031
1146	1	122031	122031
1156	1	122031	122031
1118	6	1022	1
1918	6	1093	1
1062	1	1062	1
1962	1	0	0
1043	2	130021	130021
1119	2	121036	121036
1129	2	121036	121036
1139	2	121036	121036
1149	2	121036	121036
4700	1	4700	1
4705	1	4705	1
4706	1	4706	4706
4707	1	4706	4706
1054	1	4706	4706
1055	1	4706	4706
1056	1	4706	4706
1057	1	4706	4706
1058	1	4706	4706
4001	1	4001	9
4002	1	4001	9
4003	1	4001	9
4004	1	4001	9
4005	1	4001	9
4006	1	4001	9
4007	1	4001	9
4008	1	4001	9
4009	1	4001	9
4010	1	4001	9
4011	1	4001	9
4012	1	4001	9
4013	1	4001	9
4014	1	4001	9
4015	1	4001	9
4016	1	4001	9
4017	1	4001	9
4018	1	4001	9
4019	1	4001	9
4020	1	4001	9
4021	1	4001	9
4022	1	4001	9
4023	1	4001	9
4024	1	4001	9
4025	1	4001	9
4026	1	4001	9
4027	1	4001	9
4028	1	4001	9
4029	1	4001	9
4030	1	4001	9
4031	1	4001	9
4032	1	4001	9
4033	1	4001	9
4034	1	4001	9
4035	1	4001	9
4036	1	4001	9
4037	1	4001	9
4038	1	4001	9
4039	1	4001	9
4040	1	4001	9
4041	1	4001	9
4042	1	4001	9
4043	1	4001	9
4044	1	4001	9
4045	1	4001	9
4046	1	4001	9
4047	1	4001	9
4048	1	4001	9
4049	1	4001	9
4050	1	4001	9
4051	1	4001	9
4052	1	4001	9
4053	1	4001	9
4054	1	4001	9
4055	1	4001	9
4056	1	4001	9
5001	1	5001	5001
5002	1	5001	5001
5003	3	5001	5001
5004	2	5001	5001
5018	1	5001	5001
5019	1	5005	5001
5024	2	5001	5001
5025	1	5001	5001
4710	3	4710	1
4712	3	4712	1
4714	1	9096	1
4711	3	9064	1
1318	1	1318	1
1010	1	130021	130021
1020	1	130021	130021
1031	1	130021	130021
1035	1	4101	1
4102	1	4101	1
4202	1	4201	1
8401	1	1107	1
1308	6	1022	1
1862	1	1062	1
1025	5	124031	124031
1030	6	121037	1
1130	6	121037	1
4703	3	4703	1
1125	1	153051	153051
1034	1	1022	1
1265	1	121038	1
1465	1	0	0
1565	1	121038	0
1039	1	130021	130021
1331	1	1107	1
1141	5	129021	129021
1142	5	129021	129021
1123	5	1318	1
1064	1	1062	1
1964	1	2	1
1864	1	2	1
1764	1	2	1
1036	6	121037	1
1936	6	121037	1
1836	6	121037	1
1736	6	121037	1
1053	1	1318	1
1063	1	1318	1
1153	1	1318	1
1040	5	1305	1
1046	6	121037	1
1946	6	121037	1
1846	6	121037	1
1049	2	1062	1
1060	2	1062	1
1059	2	1062	1
1065	2	1062	1
1066	2	1062	1
5029	1	0	5001
5030	1	5001	5001
5050	1	0	5001
5051	1	0	5001
5052	1	0	5001
5053	1	0	5001
5054	1	0	5001
5055	1	0	5001
5056	1	5001	5001
5057	1	5001	5001
5058	1	5001	5001
1072	1	1022	1
1972	1	2	1
1872	1	2	1
1772	1	2	1
1672	1	2	1
1601	6	121037	1
1602	6	121037	1
1050	5	1318	1
1051	1	1062	1
9039	2	2	1
2006	2	2	1
2007	2	2	1
2010	2	2	1
2011	2	2	1
2012	0	2	1
2013	1	2	1
2014	1	11	1
2015	1	12	1
2017	2	23	23
8213	2	2	1
8214	2	2	1
8215	2	2	1
8216	1	2	1
8701	2	1	0
8702	2	1	0
8703	2	1	0
8705	2	2	0
8710	2	2	0
8731	2	8213	81300
8732	2	1	0
8733	3	8213	81300
8734	2	8213	81300
8736	1	1	1
8737	2	8737	1
8738	1	1	1
8739	2	8737	1
8740	2	8737	1
8741	2	8737	1
8742	2	8742	99
8750	1	8750	8750
8751	2	8751	8751
8752	2	8752	8752
8753	2	8753	8753
1664	1	2	1
7001	1	0	0
7002	1	0	0
7003	1	0	0
7004	1	0	0
7005	1	0	0
7007	1	0	0
7008	1	0	0
7012	1	0	0
7013	1	0	0
7015	1	0	0
7103	1	0	0
9003	2	2	0
9009	1	2	0
9010	1	2	0
9011	2	2	0
9012	2	2	0
9013	3	2	0
9014	1	2	0
9015	1	2	0
9016	1	2	0
9017	2	2	0
9018	2	2	0
9019	2	2	0
9020	1	2	0
9021	2	2	0
9025	1	2	0
9036	3	5	0
9042	3	2	0
9601	1	2	0
9602	1	2	0
9603	1	2	0
9604	1	2	0
9605	1	2	0
9606	1	2	0
9607	1	2	0
9608	1	4	0
9609	1	4	0
9610	1	4	0
9611	1	4	0
9612	1	4	0
9613	1	4	0
9614	1	4	0
9615	1	4	0
9616	1	4	0
9617	1	4	0
9942	1	9942	0
9041	3	2	0
9040	3	2	0
9045	2	2	0
9046	2	2	0
9943	1	9943	0
9944	1	9943	0
9945	1	9945	0
9946	1	0	0
9618	1	9942	0
9619	1	9620	0
9620	1	9620	0
9621	1	9620	0
9622	1	9620	0
9623	1	9623	0
9947	1	9942	0
9948	1	0	0
9951	2	5	0
9037	2	3	0
9044	1	95	0
9033	2	5	0
9034	2	3	0
9026	1	4	0
9958	1	12	0
9954	1	12	0
9955	1	12	0
9960	2	10	0
9022	2	86	0
9043	3	3	0
9751	1	14	0
9752	1	15	0
9753	1	16	0
9754	1	17	0
9755	1	18	0
9756	1	19	0
9757	1	20	0
9758	1	21	0
9759	1	0	0
9957	1	0	0
8743	2	8737	1
8744	2	8742	99
9083	3	9081	9300
9084	3	9081	9300
9085	2	9070	9300
9088	2	9070	9300
9087	2	9087	9300
9086	2	9086	9299
9089	2	9089	9299
9090	2	9090	9299
9091	2	9091	9299
9092	3	9002	9299
9921	1	2	0
9922	3	2	0
9923	2	2	0
9035	1	10	0
2008	2	2	0
2009	2	10	0
2019	2	10	0
2016	2	2	1
9513	2	8190	8190
9038	2	10	0
9914	2	10	8190
9913	2	1105	1
9981	1	4	0
9982	1	2	0
9983	1	4	0
8152	1	4	0
8340	1	8340	8340
8341	1	8340	0
8342	1	8340	0
8343	1	8340	0
8344	1	8340	0
9066	1	9066	9066
9069	1	9069	9300
8370	1	83700	9300
9074	1	9074	9300
8371	1	83710	9300
9076	1	9076	9300
9077	1	9077	9300
9078	1	9078	9300
9079	1	9079	9300
9081	1	9081	9300
9080	1	9080	9300
9082	1	9080	9300
8410	1	84100	8340
8411	1	84110	8340
9070	1	9070	9300
8380	3	8380	9300
8381	2	9070	82161
8383	2	9070	82161
8384	2	8380	8380
8080	3	8380	9300
9971	1	88	0
9050	1	6	0
9973	1	6	0
9974	0	8171	0
9047	1	2	0
9048	1	2	0
9049	1	2	0
9060	1	9060	9300
9061	1	9060	9300
9062	1	9060	9300
9063	1	9063	9300
9064	1	9064	9300
9065	1	9065	9300
9067	1	9067	9300
9068	1	9068	9200
8360	2	8360	9200
9071	1	9071	9300
9072	1	9072	9300
9073	1	9073	9300
9075	1	9075	9300
8390	2	8390	9300
8400	1	8390	9300
8420	1	8420	9300
8421	1	8420	9300
8422	1	8420	9300
8423	1	8420	9300
8424	1	8420	9300
8425	1	8420	9300
8426	1	8420	9300
8430	2	8430	9300
8431	2	8431	9300
9095	1	9095	9300
7506	2	10	8190
99196	2	0	0
99197	2	0	0
99198	2	0	0
99200	2	0	0
99201	2	0	0
99202	2	0	0
99203	2	0	0
9310	3	9310	9399
9316	2	9316	9398
9318	1	9318	9398
9319	1	9319	9398
9315	1	4	0
9321	1	9318	9398
9323	2	9323	9398
9325	1	9325	9299
9326	1	0	0
9327	1	0	0
9328	1	0	0
9331	3	9331	9398
9369	3	9369	9299
93695	3	9369	9299
93696	3	9369	9299
93697	3	9369	9299
93698	3	9369	9299
93699	3	9369	9299
9980	2	10	8190
9801	3	9043	9100
9917	3	9043	9100
9911	2	10	8190
99161	1	84	0
99162	1	84	0
99163	1	84	0
99164	1	84	0
99165	1	4	0
99168	1	14	0
99169	1	14	0
99191	1	10	0
99194	1	10	0
99195	1	10	0
99199	1	10	0
99207	1	10	0
99208	1	10	0
99209	3	10	0
5007	1	9942	0
5008	1	9942	0
4704	1	9942	0
9985	1	4	0
9986	2	0	0
99131	2	0	0
99132	2	0	0
99133	2	0	0
99134	2	0	0
99851	2	0	0
99852	2	0	0
99853	2	0	0
99854	2	0	0
99855	2	0	0
99856	2	0	0
99857	2	0	0
99858	2	0	0
99859	2	0	0
99860	2	0	0
99861	2	0	0
99862	2	0	0
99863	2	0	0
99864	2	0	0
99865	2	0	0
99866	2	0	0
99867	2	0	0
99868	2	0	0
99869	2	0	0
99850	2	0	0
99110	2	10	0
99111	2	10	0
99112	2	10	0
99113	2	10	0
99114	2	10	0
99115	2	10	0
99116	2	10	0
99117	2	10	0
99118	2	10	0
99119	2	10	0
99120	2	10	0
99121	2	10	0
99122	2	10	0
99123	2	10	0
99124	2	10	0
9915	3	5005	9410
5005	3	5005	9410
405801	1	4001	9
405901	1	4001	9
99181	2	10	0
99192	2	10	0
4713	1	4713	9398
50281	2	0	0
50282	2	0	0
50283	2	0	0
50284	2	0	0
9961	2	9086	9299
99610	2	0	0
9962	2	9086	9299
99611	2	155031	1
9093	1	9093	9300
9094	1	9094	9300
8450	1	8420	9300
8451	1	8420	9300
8452	1	8420	9300
8481	1	8420	9300
8480	1	8420	9300
8488	1	8420	9300
8220	1	8350	8350
8221	1	8420	9300
8222	1	8420	9300
8223	1	8420	9300
8229	1	9094	9300
8540	1	8350	8350
8541	1	8420	9300
8542	1	8420	9300
8543	1	8420	9300
8544	1	8420	9300
8545	1	8420	9300
9630	1	4	0
96300	2	0	0
96301	2	0	0
96302	2	0	0
96303	2	0	0
96304	2	0	0
96305	2	0	0
96306	2	0	0
96307	2	0	0
96308	2	0	0
96309	2	0	0
96310	2	0	0
96311	2	0	0
96312	2	0	0
96313	2	0	0
96314	2	0	0
96315	2	0	0
99126	2	0	0
8440	3	8440	8390
9197	2	9197	1
9096	2	9096	1
9097	2	9097	1
9099	2	9099	1
9098	1	9098	9399
9301	1	9301	9399
9302	3	9302	9399
9303	2	9303	9399
9304	2	9304	9399
9307	2	9307	9398
9313	2	9313	9391
9320	1	9320	9391
9341	1	9343	9399
9343	1	9343	9299
9347	1	9347	9299
9348	1	9347	9299
9355	1	9347	9299
9356	1	9347	9199
8577	1	9347	9299
8027	1	9347	9299
8460	2	8460	0
8461	2	8460	0
8462	2	8460	0
8463	2	0	0
8464	2	8460	0
8459	2	8460	0
8470	2	8470	1
8476	2	8470	1
8471	2	8471	8470
8472	2	8472	8470
8501	2	8471	8470
8502	2	8472	8470
9305	2	9305	9399
9306	2	9306	9399
9760	1	9760	9399
9761	1	9761	9399
9762	1	9762	9399
9308	3	9308	9399
9309	3	9308	9399
9312	2	9312	9299
9317	2	9317	9299
8482	1	8482	8482
8485	1	8482	8482
8483	1	8482	8482
8484	1	8482	8482
8486	1	8482	8482
8487	1	8482	8482
8490	2	8490	9399
8491	2	9307	0
8492	2	9307	0
9763	2	9763	9199
8494	2	9307	0
9337	2	9337	1
9338	1	9338	1
9339	1	9339	1
9344	1	9344	1
8336	1	8571	8571
9363	1	9337	1
8510	1	8510	0
8530	2	9305	9399
8531	2	9305	9399
8532	2	9305	9399
8533	2	9305	9399
8534	2	9305	9399
8550	2	8550	9322
8551	2	9305	9399
8552	2	9305	9399
8553	2	1014	9399
8554	2	9305	9305
8535	2	8535	9398
8536	2	8536	9398
8538	2	8535	9398
8557	2	8535	9398
8558	2	8535	9398
8029	2	8535	9398
9311	3	9311	9399
9314	2	7402	9391
9322	1	9322	9399
9324	3	9324	9399
9329	2	9329	9391
9333	2	9333	9399
9374	2	9374	9399
9378	2	9374	9399
8580	1	8316	8316
8037	1	8565	9398
8038	1	8316	8316
8043	1	8565	9398
9764	2	9764	9100
9765	2	9765	9100
9330	2	9330	9199
9332	2	9332	9303
9334	2	9334	9199
9335	2	9335	9199
8172	2	8175	0
9336	2	9336	9199
9766	2	9764	9100
9350	2	9350	9100
9351	2	9351	9100
9352	2	9352	9100
9367	2	9367	9100
9767	2	1113	1
8555	2	8555	9399
8556	2	8556	9399
8548	2	8555	9399
8549	2	8556	9399
8072	2	8556	9399
8546	1	8510	0
8547	1	8510	0
8561	2	8510	0
8192	1	8192	8192
9354	0	9354	9399
9358	0	9354	9199
8337	0	8571	8571
9373	1	8192	8192
8785	2	8235	0
8060	0	8060	8192
8055	0	8060	8192
8061	0	8060	8192
8562	1	8562	8562
8079	1	8562	8562
9340	2	9340	0
9342	2	9342	0
8230	2	8190	0
9345	2	9342	0
9346	2	1393	0
8231	2	8420	9300
8495	2	8495	0
8496	2	8496	0
8497	2	8420	9300
8498	1	8420	0
8334	1	8334	9398
8335	1	8334	9398
8754	1	8510	0
8755	2	8535	9398
8756	1	8334	9398
8565	1	8565	9398
8566	1	8565	9398
8574	1	8565	9398
8581	1	8565	9398
8765	1	8565	9398
8767	1	8565	9398
8776	1	8565	9398
8582	1	8565	9398
8583	1	8565	9398
9984	2	10	8190
8313	1	8313	8313
8316	1	8316	8316
8318	1	8318	8318
9349	1	9349	0
9357	2	0	0
9372	1	9372	0
9353	3	9353	1
9365	3	9365	1
9375	3	9375	1
9376	3	9376	1
8235	2	8235	0
8236	1	8235	0
8237	2	8235	0
8238	2	8235	0
8567	1	8567	8567
8568	1	8568	8567
8570	1	8570	8570
8569	2	9305	9399
8571	2	9305	9399
9359	2	9359	9299
8575	2	8575	9299
8578	2	8575	9299
8579	2	8575	9299
8576	2	8575	9299
9366	2	9366	9299
9368	1	9347	9399
8153	1	9347	9199
8154	1	9347	9199
8155	1	9347	9199
8028	1	9347	9199
8056	1	9347	9199
8074	1	9347	9199
8101	1	9347	9199
9370	2	9370	9299
8757	3	8440	8390
8759	2	8235	0
8760	1	8235	0
8758	1	8235	0
8730	2	8235	0
9916	2	9086	9299
8762	1	9337	9399
8763	1	9337	9399
9371	3	9337	9199
8761	1	9347	9199
8764	1	9347	9199
9108	1	4205	0
8193	2	8535	9398
8194	2	8535	9398
8775	1	8775	8766
8777	2	8775	8766
8778	2	8775	8766
8779	2	8775	8766
8780	2	8775	8766
8402	1	8762	9199
8403	3	9337	9199
8404	3	9337	9199
8769	2	8769	9299
8770	2	8575	9299
8771	2	8575	9299
8772	2	8769	9299
8781	2	8769	9299
9377	1	5005	0
8195	1	5005	0
8196	1	5005	0
8197	1	5005	1
9005	1	5005	0
9102	1	5005	0
9106	1	4205	0
9107	1	4205	0
8782	1	8782	9398
8783	1	8783	9398
8784	1	8565	9398
8020	1	8565	9398
8008	1	8565	9398
8009	1	8565	9398
8016	1	8565	9398
9051	1	8565	9398
9052	1	8565	9398
9053	1	8565	9398
9054	1	8565	9398
9055	1	8565	9398
9056	1	8565	9398
9057	1	8565	9398
9058	1	8565	9398
9059	1	8565	9398
9100	1	8565	9398
9101	1	8565	9398
8788	1	8510	0
87881	1	8510	0
87882	2	8510	0
8789	1	8565	9398
8790	2	8555	9399
8026	2	2	1
5009	2	9086	9299
8017	1	9347	9199
8018	1	9347	9199
8019	1	9347	9199
8021	2	8021	9299
8022	2	8769	9299
8023	2	8769	9299
8024	2	8769	9299
8025	2	8025	9299
8039	2	8769	9299
8046	2	8021	9299
9006	1	8510	0
9008	3	9098	0
9031	2	2	1
9032	1	9098	9399
9027	3	2	0
9028	0	8510	0
9023	0	2	0
9024	0	2	0
8047	2	8555	9399
8030	1	8792	8792
8031	1	8792	8792
8032	1	8792	8792
8051	1	8792	8792
8033	1	9347	9199
8034	1	0	0
8035	1	9347	9199
8036	1	9347	9199
8059	1	9347	9199
8040	1	5005	0
8041	1	5005	0
8042	1	5005	1
8044	1	5005	1
8045	1	5005	0
5027	2	9086	9299
9104	2	9104	0
9105	2	9104	0
8048	1	8048	9199
8049	1	8050	9199
8050	1	8050	9199
8052	1	8052	0
8057	1	8052	0
8058	1	8052	0
8053	1	8762	9199
8062	1	8762	9199
9122	1	8510	1
9123	1	5005	1
9124	1	5005	1
5034	1	10	0
5037	1	10	0
9127	3	9353	1
9128	2	9330	9199
8063	1	8052	0
8064	1	8052	0
8065	1	8052	0
8066	1	8052	0
8067	1	8052	0
9129	1	8510	1
8068	1	9347	9199
8069	1	0	0
8070	1	9347	9199
8071	1	5005	0
8073	2	807301	1
8075	2	807301	1
8076	2	807301	1
8077	2	8575	1
8078	1	9347	9199
9130	1	5001	5001
9131	1	5001	5001
9132	1	5001	5001
9144	1	5001	5001
9147	1	5001	5001
9148	1	5001	5001
9149	1	5001	5001
8081	1	8510	1
8082	1	8510	1
8083	1	0	0
8084	0	8060	8192
8085	0	8060	8192
8086	0	8060	8192
8110	2	2	0
8111	2	2	0
8112	2	2	0
8113	2	2	0
8120	3	3	0
8130	3	3	0
8131	3	3	0
8140	3	3	0
8141	3	3	0
8150	3	4	0
8160	3	4	0
8170	3	4	0
8180	3	4	0
8190	1	12	0
8310	3	4	0
8311	3	4	0
9002	3	4	0
8320	3	832	0
8322	3	833	0
8331	3	833	0
8333	3	833	0
8350	3	835	0
8352	3	835	0
99125	1	10	0
99210	1	10	0
99135	1	10	0
99136	1	10	0
99137	1	10	0
99138	2	10	0
99139	2	10	0
99140	1	10	0
99141	1	10	0
99142	1	10	0
99143	1	10	0
99144	1	10	0
99145	1	10	0
99146	1	10	0
99147	1	10	0
99148	1	10	0
99149	1	10	0
99150	1	10	0
99151	1	10	0
99152	1	10	0
99153	1	10	0
99154	1	10	0
99155	1	10	0
99156	1	10	0
99157	1	10	0
99158	1	10	0
99159	1	10	0
99160	1	10	0
99211	1	10	0
99212	1	10	0
99213	1	10	0
99214	1	10	0
99215	1	10	0
99216	1	10	0
50271	1	10	0
50272	1	10	0
50273	1	10	0
50274	1	10	0
50275	1	10	0
50276	1	10	0
50277	1	10	0
50278	1	10	0
50279	1	10	0
50291	1	10	0
50292	1	10	0
50293	1	10	0
50294	1	10	0
50295	1	10	0
50296	1	10	0
50341	1	10	0
50297	1	10	0
50298	1	10	0
50299	1	10	0
50300	1	10	0
50301	1	10	0
50342	1	10	0
50343	1	10	0
50344	1	10	0
50345	1	10	0
50346	1	10	0
50347	1	10	0
50348	1	10	0
50349	1	10	0
50350	1	10	0
50351	1	10	0
50352	1	10	0
50370	1	10	0
50371	1	10	0
50372	1	10	0
5006	3	9064	9410
5016	3	9064	9410
50161	3	9064	9410
5026	1	1107	1
5014	1	1107	1
5015	1	0	0
5017	1	0	0
4702	3	1003	1
9501	1	83	0
8321	1	84	0
8161	1	85	0
70010	3	7001	9410
70020	3	7002	9410
70030	3	7003	9410
70040	3	7004	9410
70050	3	7005	9410
70150	3	7005	9410
70060	3	7006	9410
70070	3	7007	9410
70080	3	7008	9410
70120	3	7012	9410
70130	3	7013	9410
70230	3	7013	9410
70110	3	7001	9410
70111	3	7001	9410
70112	3	7001	9410
70090	3	7001	9410
70100	3	7001	9410
70011	3	7001	9410
70021	3	7002	9410
70031	3	7003	9410
70041	3	7004	9410
70140	3	104031	104031
70051	3	7005	9410
70061	3	7006	9410
70071	3	7007	9410
70081	3	7008	9410
71030	3	7008	9410
70121	3	7012	9410
70131	3	7013	9410
70231	3	7013	9410
70330	5	103041	103041
71020	3	7102	9410
71021	3	7102	9410
71120	3	104031	104031
70220	3	7002	9410
70221	3	102046	102046
70320	3	7002	9410
71040	3	104031	104031
71070	3	104031	104031
71090	3	104031	104031
71051	3	114036	114036
71061	4	152036	152036
72021	3	104031	104031
72031	3	104031	104031
70311	3	7001	9410
70000	3	7002	9410
70122	3	102026	102026
71304	3	7001	9410
78511	3	8511	8511
79001	3	7001	9410
79002	3	7001	9410
79003	3	7001	9410
79004	3	7001	9410
79005	3	7001	9410
79006	3	7001	9410
79007	3	7001	9410
79008	3	7001	9410
79009	3	7001	9410
79010	3	7001	9410
79011	3	7001	9410
79012	3	7001	9410
79013	3	7001	9410
79014	3	7001	9410
79015	3	7001	9410
79016	3	7001	9410
79017	3	7001	9410
79018	3	7001	9410
79019	3	7001	9410
79020	3	7001	9410
79021	3	7001	9410
79022	3	7001	9410
79023	3	7001	9410
79024	3	7001	9410
79025	3	7001	9410
79026	3	7001	9410
79027	3	7001	9410
79028	3	7001	9410
79029	3	7001	9410
79030	3	7001	9410
79031	3	7001	9410
79032	3	7001	9410
79033	3	7001	9410
79034	3	7001	9410
79035	3	70010	9410
79036	3	70010	9410
79037	3	70010	9410
79038	3	70010	9410
79039	1	8575	8575
50061	3	9064	9410
81100	1	8110	8110
81110	1	8120	8120
81200	1	9734	9734
81201	1	9734	9734
81209	1	8805	60002
81210	1	9735	9735
93200	1	7408	9330
81300	1	8130	8130
81309	1	8807	60002
81310	1	8132	8132
81400	1	8140	8140
81401	1	8141	8141
81410	1	8141	8141
81411	1	8141	8141
81420	2	8142	8142
81430	1	8143	8143
81431	1	8143	60001
81500	1	8150	8150
81501	1	8801	60001
81509	1	8801	60001
81510	1	8152	8152
81609	1	8808	60002
81600	1	8160	8160
81610	1	8161	8161
81700	1	8170	8170
81701	1	8172	8171
81709	1	8809	60001
81710	1	8170	8170
81720	1	8175	9399
81721	1	8558	8558
81800	1	8180	8180
81809	1	8802	60002
81810	1	8181	8181
81900	1	8190	8190
81909	1	8810	60003
81910	1	8191	8191
81920	1	8192	8192
82100	2	88	8210
82101	2	88	8211
20100	2	8210	8210
20110	2	8210	8210
82130	2	8213	8215
82140	2	8214	8214
82150	2	8215	8215
82151	2	82151	82151
82160	1	8216	8216
83100	1	8310	8310
83101	1	8312	8312
83109	1	8811	60001
83110	1	8311	8311
83200	3	8320	8320
83220	3	8330	8330
83229	3	8812	60003
83230	3	8331	8331
83111	1	8311	8311
83102	1	8310	8310
87010	2	8701	8701
87020	2	8701	8701
87030	2	8701	8703
87050	2	8701	8701
87310	2	8731	8731
87311	2	87311	87311
87320	2	8731	8731
87330	3	8731	8733
87360	1	8736	8736
87370	2	8737	8736
87380	1	8736	8736
87390	2	8737	1
87400	2	8737	1
87410	2	8737	8741
87420	2	8742	8742
87430	2	8737	8743
87440	2	8744	99
87500	1	8750	8750
87510	2	8751	8751
87520	2	8752	8752
87530	2	8753	8753
87540	1	8754	8754
87550	2	8755	8755
87560	2	8756	8756
83400	1	8340	8340
83500	3	8350	8350
83501	3	8351	8351
83502	3	7407	9391
83520	3	8352	8352
83521	3	83521	83521
83529	3	8813	60003
83530	3	8353	8353
83600	2	83600	83600
83601	2	83601	83601
83602	2	83600	83600
83603	1	8170	8170
83609	2	8814	60003
83610	2	83602	83602
83800	3	8380	8380
83801	3	8806	60004
83802	3	8806	8354
83803	3	8806	8352
83804	3	8380	8381
83809	3	8381	60001
83810	3	8382	8382
83900	2	8390	8390
83901	1	8390	8390
83902	2	8393	8393
84000	1	8400	8400
84001	1	8400	8401
84002	1	8400	8401
84003	1	8400	8402
84004	1	8400	8402
84005	1	8400	8402
84006	1	8400	8402
84007	1	8400	8400
84200	1	8420	8420
84206	1	8426	8426
84209	1	8817	60003
84210	1	8420	8420
84201	2	8420	8421
84202	2	8420	8421
84203	2	8420	8422
84204	2	8420	8422
84205	2	8420	8422
84300	2	8430	9315
84301	2	8430	9317
84302	2	8432	8432
84310	2	8431	9316
84311	2	8431	9318
84100	2	84120	84120
84109	2	8816	60003
84111	2	84130	84130
811000	1	81100	81100
811100	1	81200	81200
811200	1	81100	81100
811201	1	81100	81100
811300	1	81200	81200
812000	1	81300	81300
813000	1	81300	81300
813100	1	81310	81310
814000	1	8140	81400
814010	1	81410	9420
814100	1	81410	9420
814200	2	81420	9400
814300	1	81430	9400
815000	1	8150	9400
816000	1	8160	9400
817000	1	8170	9400
817021	1	8170	9400
818000	1	81800	9400
818021	1	8802	60002
819000	1	81900	81900
821000	2	88	9400
201000	2	82100	82100
201100	2	82100	82100
821300	2	82130	82150
821400	2	82140	82150
821500	2	82150	9400
821501	2	82150	9400
821600	1	82160	81600
831000	1	83100	83100
831100	1	83110	83110
870100	2	83100	9400
870200	2	87010	9400
870300	2	87010	87030
870500	2	87010	87010
870600	1	87620	87620
870601	1	87601	87601
870602	1	87601	87601
870603	1	87601	87601
870604	1	87601	87601
870605	1	87601	87601
870606	1	87606	87606
870607	1	87606	87606
870608	1	87606	87606
870609	1	87606	87606
870610	1	87607	87607
870620	1	87620	87620
835000	3	83500	83500
835200	3	83520	83520
836000	2	83600	83610
837000	2	83700	83700
837009	2	8815	60003
837021	2	8803	60002
837100	2	83710	83710
837001	2	8804	60004
83705	2	83705	83705
837011	2	83700	83700
837012	2	83700	83700
837111	2	83710	83712
837112	2	83710	83712
837113	2	83710	83713
837013	2	83700	83700
837114	2	83710	83713
837115	2	83711	83714
839000	2	8391	8391
841000	2	84100	84100
841100	2	84110	84110
841001	2	84100	84101
841101	2	84110	84111
84400	2	8440	8392
84401	0	8440	0
84402	0	8440	0
84403	0	8440	0
84404	0	8440	0
84405	0	8440	0
845000	2	8430	9315
845099	2	9900	9901
845002	2	8434	9320
846000	2	8460	8460
846100	2	8461	8461
846001	2	8462	8462
846003	2	8460	8460
845001	2	8433	9319
847100	2	8471	8470
847200	2	8472	8470
85010	2	8471	8470
85020	2	8472	8470
848100	2	8482	84200
848200	2	8482	84201
848300	2	8483	84300
848400	2	8482	84200
84900	2	8490	8491
84901	2	8490	8491
84902	2	8490	8491
84903	2	8491	8493
97630	2	9763	8492
82200	1	8220	8220
82202	1	8221	8221
81301	1	8130	9499
83103	1	8310	9498
87011	2	8701	9499
818001	1	81800	9499
81601	1	8160	9499
817001	1	8170	9499
814001	1	8140	9499
837002	2	83700	9499
81511	1	8152	9499
84313	2	8431	9499
70222	3	7002	9498
81901	1	8190	9498
81432	1	8143	9499
82201	1	8220	9497
83604	2	83600	9499
83231	3	8331	9498
82152	2	82151	9499
85100	0	8510	8510
85300	2	8531	9321
85301	2	8532	9323
85310	2	8531	9321
85400	1	8350	8350
85500	1	8550	8550
85550	2	8555	8555
85560	2	8556	8556
85480	2	8555	8555
85490	2	8556	8556
85491	2	8557	8557
80720	2	8556	8556
85350	2	8535	9401
85360	2	8536	9401
85460	0	8512	8512
85470	0	8512	8512
85570	2	8537	9402
85620	2	8562	8562
82300	2	8563	8563
83340	2	8571	8571
83360	1	8571	8571
83370	1	8571	8571
83130	2	8313	9403
83160	2	8316	9403
83180	2	8318	8318
85800	2	8316	9403
84950	2	8495	0
84951	2	8495	0
84952	2	8495	0
84953	2	8495	0
84954	2	8495	0
84955	2	8495	0
84956	2	8495	0
84960	2	8496	0
82350	1	8235	8235
82450	1	8245	9404
85650	1	8568	9405
85660	1	8568	9406
85651	1	8565	9404
85661	1	8565	9404
85652	1	8568	9405
85670	2	8704	8704
85671	2	8705	8705
85680	2	8568	8568
85690	2	8572	8572
85691	2	8572	8572
85692	2	8572	8572
85695	2	8572	8572
85752	1	8575	8575
846002	2	8462	8462
85101	2	8510	8510
85700	2	8570	8570
70210	3	7001	9410
85770	1	9347	9411
85771	1	9347	9411
85750	1	8575	8575
85751	1	8575	8575
87620	1	8762	8762
87630	1	8762	8763
87590	1	8759	8759
87591	1	8759	8759
87650	1	8497	8497
87651	1	8765	8765
87760	1	8765	8765
85820	1	8497	8497
80430	1	8497	8497
87750	1	8775	8766
87751	1	8775	8767
87752	1	8775	8768
87753	1	8775	8769
87754	1	8775	8768
87611	1	9347	9199
87690	1	8769	8769
87691	1	8769	8769
87692	1	8769	8769
87720	1	8769	9299
87810	2	8781	9299
81950	1	8512	8512
81960	1	8512	8512
87850	1	8759	8759
87851	0	8513	8512
87852	1	8498	8497
87853	1	8760	8759
84020	1	9706	9199
84021	1	8762	9199
80530	1	8762	9199
80620	1	8762	9199
81530	1	9707	9199
81531	1	9347	9199
81532	1	9708	9199
81533	1	9708	9199
81534	1	9708	9199
81535	1	9707	9199
80740	1	9708	9199
87820	1	8782	8782
87830	1	8783	8782
87821	1	8782	8782
87831	1	8783	8782
87901	2	8790	8790
87902	2	8791	8791
80730	2	8791	8791
80210	2	8021	9299
80211	2	8021	9299
80212	2	8021	9299
80461	2	8021	9299
80250	2	8025	9299
80251	2	8025	9299
80400	2	8025	9299
80401	2	8025	9299
80710	2	8025	9299
80330	1	8033	8794
80331	1	8036	8795
80332	1	8033	8794
80333	1	8033	8794
80334	1	8033	8794
80360	1	8033	8796
80361	1	8036	8795
80590	1	8033	8796
80680	1	9347	9199
80681	1	9347	9199
80690	1	9347	9199
80700	1	9347	9199
80701	1	9347	9199
80300	1	8792	8792
80301	1	8793	8793
80302	1	8792	8792
80303	1	8793	8793
80450	2	8025	9299
80480	1	8048	9199
80490	1	8050	9199
80500	1	8050	9199
80529	0	8440	0
80528	0	8440	0
80527	0	8440	0
80526	0	8440	0
91290	1	8510	1
91221	1	8510	1
91222	1	8510	1
80600	1	8060	1
80602	1	8060	1
80790	2	8562	8562
80791	2	8756	8756
80800	3	8380	8380
80801	3	8380	8380
80631	1	8052	0
80632	1	8052	0
80633	1	8052	0
80634	1	8052	0
80871	1	8052	0
80731	2	807301	1
80732	2	807301	1
80810	1	8510	1
80811	1	8510	1
80820	1	8510	1
80821	1	8510	1
93660	1	7301	9190
94660	1	7301	9290
95660	1	7301	9391
93790	1	7302	9190
94790	1	7302	9290
95790	1	7302	9391
93220	2	7303	9190
94220	2	7303	9290
95220	2	7303	9391
93250	2	7301	9190
94250	2	7301	9290
95250	2	7301	9391
93160	3	7304	9391
93161	2	7304	9290
93162	2	7304	9190
93130	2	7401	9391
93131	2	7401	9290
93132	2	7401	9190
93133	2	7401	9190
93140	2	7402	9391
93141	2	7402	9290
93142	2	7402	9190
93120	2	7403	9391
93121	2	7403	9290
93122	2	7403	9190
93129	2	7403	9190
93173	2	7305	9391
93174	2	7305	9290
93175	2	7305	9190
93073	2	7306	9190
93074	2	7306	9290
93075	2	7306	9391
93034	2	7307	9190
93035	2	7307	9290
93036	2	7307	9391
90682	2	7308	9190
90683	2	7308	9290
90684	2	7308	9391
90213	3	7309	9190
90214	3	7309	9290
90215	3	7309	9391
93295	2	7409	9190
93296	2	7409	9290
93297	2	7409	9391
93307	2	7410	9190
93308	2	7410	9290
93309	2	7410	9391
93334	2	7412	9190
93335	2	7412	9290
93336	2	7412	9391
93344	2	7413	9190
93345	2	7413	9290
93346	2	7413	9391
93324	3	7414	9190
93325	3	7414	9290
93326	3	7414	9391
92031	3	7301	9190
20060	1	9037	9303
20061	1	9021	9203
20062	1	9536	9100
20063	1	9037	9303
20064	1	9037	9303
20065	1	9037	9303
20066	1	9037	9303
20067	1	9037	9303
20068	1	9037	9303
20069	1	9037	9303
90000	1	90000	90000
90001	1	9021	9021
90002	1	90002	90002
90003	1	90003	90004
90004	1	90004	90004
90007	1	90007	90007
90008	1	90008	90004
90009	1	90009	90004
90020	1	9002	9002
90920	1	9002	9002
90030	3	9003	9300
90031	3	9003	9300
90032	3	9004	9310
90040	3	7	9300
90041	3	7	9300
90060	1	9522	9300
90090	3	9009	9302
90091	3	9054	9312
90100	3	9010	9300
90110	3	9011	9302
90111	3	9029	9312
90120	3	9012	9300
90121	3	9012	9300
90130	3	9013	9300
90140	3	9014	9300
90150	3	9015	9300
90160	3	9016	9300
90161	3	9030	9310
90170	3	9017	9300
90171	3	9017	9300
90180	3	9018	9300
90181	3	9018	9300
90182	3	9028	9310
90190	3	9019	9300
90191	3	88	9300
90192	3	88	9300
90193	3	9056	9310
90200	3	9014	9300
90210	3	9021	9303
90211	3	9021	9303
90212	3	9052	9313
90220	2	9022	9303
90221	2	9023	9313
90222	1	9022	9303
90230	3	9021	9300
90250	2	9025	9303
90251	2	9027	9313
90260	3	9026	9304
90330	2	9033	9303
90331	2	9048	9313
90340	2	9037	9303
90341	2	9034	9303
90342	2	9034	9303
90343	2	9049	9313
90350	2	9035	9303
90351	2	9035	9303
90352	2	9035	9303
90360	2	9036	9303
90361	2	9036	9303
90362	2	9055	9313
90370	3	9037	9304
90371	3	9049	9314
90372	1	9037	9304
90380	2	9038	9304
90381	2	9038	9304
90382	2	9038	9304
90383	2	9038	9304
90384	2	9038	9204
90390	2	9039	9300
90400	2	9040	9303
90410	2	9003	9304
90411	2	9041	9304
90420	2	9042	9304
90421	2	9053	9314
90430	3	9043	9303
90431	3	90431	9303
90432	3	9043	9303
90433	3	9047	9313
90440	3	9044	9304
90450	2	9045	9303
90460	2	9046	9303
90470	3	9015	9300
90480	3	9016	9300
90490	3	9010	9300
90500	1	9050	9303
90501	1	6	0
90502	0	8171	0
90505	0	84	0
90506	1	84	0
90507	3	9536	9100
90508	1	9050	9303
90600	1	9060	9306
90610	1	9061	9306
90611	1	9061	9306
90620	1	9062	9306
90630	1	9063	9305
90640	1	9064	9064
90650	1	9065	9065
90660	1	9066	9066
90670	1	9067	9067
90680	1	9068	9068
90681	1	9068	9068
90690	1	9069	9307
90691	1	9069	9303
90700	1	9070	9300
90701	1	9070	9300
90702	1	9070	9300
90703	1	9082	9308
90710	1	9071	9300
90720	1	9072	9300
90730	1	9073	9300
90731	1	9073	9300
90740	1	9074	9305
90750	1	9075	9300
90760	1	9076	9305
90770	1	9077	9305
90780	1	9078	9305
90790	1	9079	9305
90800	1	9080	9080
90810	1	9081	9305
90820	1	9080	9305
90830	1	9070	9300
90840	1	9070	9300
90850	1	9070	9300
91850	1	9070	9300
92850	1	9070	9300
90860	1	9086	9399
90861	1	9086	9299
90862	1	9086	9299
90863	1	9086	9299
90864	1	9086	9299
90865	1	9086	9299
90870	2	9087	9399
91870	2	9087	9299
92870	2	9087	9199
90871	0	9087	0
90873	2	9087	9299
90874	2	9087	9299
90880	3	9070	9300
91880	3	9070	9300
92880	3	9070	9300
90881	3	9070	9300
91881	3	9070	9300
90890	1	9089	9399
90900	1	9090	9399
90910	1	9091	9399
90913	1	9091	9399
90930	1	9093	9399
90931	1	9093	9399
90940	1	9094	9399
90950	1	9095	9399
90960	2	9096	9399
90970	2	9097	9399
90980	1	9098	9399
90990	2	9099	9399
93010	1	9301	9399
93020	3	9302	9399
93023	3	9302	9399
93030	2	9303	9399
93050	2	9305	9399
93053	2	9305	9399
93055	2	9305	9299
93060	2	9306	9399
93063	2	9306	9399
93070	2	9307	9398
93080	3	9308	8491
93081	3	9308	8491
93082	3	9308	8491
93083	3	9308	8491
93084	3	9308	8491
93085	3	9308	8490
93086	3	9308	8490
93087	3	9308	8490
93088	3	9308	8491
93089	3	9308	8491
93067	3	9308	8491
93068	3	9308	8491
93069	3	9308	8491
93090	3	9308	8491
93103	3	9310	9399
93110	3	9311	9399
93170	2	9317	9398
93179	2	9317	9398
91030	3	9003	9200
91031	3	9003	9200
91032	3	9003	9200
91033	3	9003	9200
91034	3	9003	9200
91035	3	9003	9200
91036	3	9003	9200
91090	3	9009	9200
91100	3	9010	9201
91110	3	9011	9201
91111	3	9011	9200
91120	3	9012	9200
91130	3	9013	9200
91140	3	9014	9200
91150	3	9015	9200
91160	3	9016	9201
91170	3	9017	9201
91171	3	9017	9201
91180	3	9018	9200
91190	3	9019	9202
91200	3	9020	9200
91210	3	9021	9203
91220	2	9022	9303
91250	2	9025	9203
91260	3	9026	9204
91330	2	9033	9203
91340	2	9034	9203
91350	2	9035	9203
91360	2	9036	9203
91370	3	9037	9204
91380	2	9038	9204
91381	2	9038	9204
91382	2	9038	9204
91383	2	9038	9204
91384	2	9038	9204
91390	2	9039	9200
91400	2	9040	9203
91410	2	9041	9204
91420	2	9042	9204
91430	3	9043	9203
91440	3	9044	9204
91450	2	9045	9203
91460	2	9046	9203
91461	2	9046	9203
93180	3	9318	9199
93181	3	9318	9299
93182	3	9318	9399
93183	3	9318	9399
93190	3	9318	9199
93191	3	9318	9299
93192	3	9318	9399
93221	3	9322	9199
93222	3	9322	9299
93223	3	9322	9399
93230	3	9323	9199
93231	3	9323	9299
93232	3	9323	9399
93240	3	9324	9199
93241	3	9324	9299
93242	3	9324	9399
93251	1	9325	9190
93252	1	9325	9290
93253	1	9325	9391
93291	2	9329	9199
93292	2	9329	9299
93293	2	9329	9399
93294	2	9329	9391
93301	2	9330	9199
93302	2	9330	9299
93303	2	9330	9399
93304	2	9330	9199
93305	2	9330	9299
93306	2	9330	9399
93311	3	9331	9199
93312	3	9331	9299
93313	3	9331	9399
93321	3	9332	9199
93322	3	9332	9299
93323	3	9332	9399
93327	3	9332	9299
93331	2	9329	9199
93332	2	9329	9299
93333	2	9329	9399
93341	2	9334	9199
93342	2	9334	9299
93343	2	9334	9399
93351	3	9335	9199
93352	3	9335	9299
93353	3	9335	9399
93361	3	9336	9199
93362	3	9336	9299
93363	3	9336	9399
93364	3	9336	9399
93371	2	9337	9199
93372	2	9337	9299
93373	2	9337	9399
93381	1	9338	9199
93382	1	9338	9299
93383	1	9338	9399
93391	1	9339	9199
93392	1	9339	9299
93393	1	9339	9399
93401	2	9340	9199
93402	2	9340	9299
93403	2	9340	9398
93411	1	9343	9199
93412	1	9343	9299
93413	1	9343	9399
93421	1	9346	9199
93422	1	9346	9299
93423	1	9346	9399
93424	1	9346	9398
93431	1	9345	9199
93432	1	9345	9299
93433	1	9345	9399
93441	1	9344	9199
93442	1	9344	9299
93443	1	9344	9399
93471	1	9347	9199
93472	1	9347	9299
93473	1	9347	9399
93474	1	9347	9299
93480	1	9348	9199
93481	1	9348	9299
93482	1	9348	9399
93501	3	9350	9199
93502	3	9350	9299
93503	3	9350	9399
93504	3	9350	9399
93511	3	9351	9199
93512	3	9351	9299
93513	3	9351	9399
93514	3	9351	9399
93515	3	9351	9399
93531	3	9355	9199
93532	3	9355	9299
93533	3	9355	9399
93540	1	9354	9199
93541	1	9354	9299
93542	1	9354	9399
93551	1	9357	9199
93552	1	9357	9299
93553	1	9357	9399
93561	1	9356	9199
93562	1	9356	9299
93563	1	9356	9399
93580	1	9358	9199
93581	1	9358	9299
93582	1	9358	9399
93590	1	9359	9199
93591	1	9359	9299
93592	1	9359	9399
93631	1	9363	9199
93632	1	9363	9299
93633	1	9363	9399
93710	3	9337	9199
93651	3	9365	9199
93652	3	9365	9299
93653	3	9365	9399
93661	2	9366	9199
93662	2	9366	9299
93663	2	9366	9399
93671	2	9367	9199
93672	2	9367	9299
93673	2	9367	9399
93691	2	9369	9199
93692	2	9369	9299
93693	2	9369	9399
93751	1	9375	9199
93752	1	9375	9299
93753	1	9375	9399
93761	1	9376	9199
93762	1	9376	9299
93763	1	9376	9399
93681	1	9371	9199
93682	1	9371	9299
93683	1	9371	9399
91470	3	9015	9200
91480	3	9016	9201
91490	3	9010	9201
91600	1	9060	9201
91610	1	9061	9201
91620	1	9062	9201
91630	1	9063	9203
91640	1	9064	9203
91650	1	9065	9202
91660	1	9066	9203
91670	1	9067	9203
91680	1	9068	9203
91690	1	9069	9205
91710	1	9071	9205
91720	1	9072	9205
91730	1	9073	9205
91740	1	9074	9205
91750	1	9075	9205
91760	1	9076	9205
91770	1	9077	9205
91780	1	9078	9205
91790	1	9079	9205
91800	1	9080	9205
91810	1	9081	9205
91820	1	9080	9205
91830	1	9070	9203
91840	1	9070	9200
91860	1	9086	9299
91890	1	9089	9299
91900	1	9090	9299
91910	1	9091	9299
91930	1	9093	9299
91940	1	9094	9299
91950	1	9095	9299
91960	2	9096	9299
91970	2	9097	9299
91980	1	9098	9299
91990	2	9099	9299
93011	1	9301	9299
93021	3	9302	9299
93031	2	9303	9299
93033	2	9303	9299
93051	2	9305	9299
93054	2	9305	9299
93061	2	9306	9299
93071	2	9307	9299
93102	3	9310	9299
93112	3	9311	9299
93150	1	9705	0
93151	1	9705	0
93171	2	9317	9299
92030	3	9536	9100
92090	3	9009	9100
92100	3	9010	9100
92101	3	9031	9110
92110	3	9011	9100
92120	3	9012	9100
92130	3	9013	9100
92140	3	9014	9100
92150	3	9015	9100
92160	3	9016	9100
92170	3	9017	9100
92180	3	9018	9100
92190	3	9019	9100
92200	3	9020	9100
92210	3	9021	9100
92220	2	9022	9100
92250	2	9025	9100
92260	3	9026	9100
92330	2	9033	9100
92340	2	9034	9100
92350	2	9035	9100
92360	2	9036	9100
92370	3	9037	9100
92380	2	9038	9100
92383	2	9038	9100
92390	2	9039	9100
92400	2	9040	9100
92410	2	9041	9100
92420	2	9042	9100
92430	3	9043	9100
92440	3	9044	9100
92450	2	9045	9100
92460	2	9046	9100
92470	3	9015	9100
92480	3	9016	9100
92490	3	9010	9100
92600	1	9060	9100
92610	1	9061	9100
92620	1	9062	9100
92630	1	9063	9100
92640	1	9064	9100
92650	1	9065	9100
92660	1	9066	9100
92661	1	9066	9100
92670	1	9067	9100
92680	1	9068	9100
92690	1	9069	9100
92710	1	9071	9100
92720	1	9072	9100
92730	1	9073	9100
92740	1	9074	9100
92750	1	9075	9100
92760	1	9076	9100
92770	1	9077	9100
92780	1	9078	9100
92790	1	9079	9100
92800	1	9080	9100
92810	1	9081	9100
92820	1	9080	9100
92830	1	9070	9100
92840	1	9070	9100
92860	1	9086	9199
92890	1	9089	9199
92900	1	9090	9199
92910	1	9091	9199
92930	1	9093	9199
92940	1	9094	9199
92950	1	9095	9199
92960	2	9096	9199
92970	2	9097	9199
92980	1	9098	9199
92990	2	9099	9199
93012	1	9301	9199
93022	3	9302	9199
93032	2	9303	9199
93052	2	9305	9199
93062	2	9306	9199
93072	2	9307	9199
93101	3	9310	9199
93114	3	9311	9199
93172	2	9317	9199
96080	3	9	9
96160	3	9003	9300
96161	3	9003	9300
96162	3	9003	9300
97110	3	9753	9753
97120	3	9754	9754
97610	3	9751	9751
97620	3	9752	9752
97660	3	9765	9100
97508	1	14	9100
97509	1	15	0
97510	1	16	0
97511	1	17	0
97512	1	18	0
97513	1	19	0
97514	1	21	0
97515	1	14	0
97516	1	14	9100
97641	2	9764	9299
97671	2	113036	113036
97672	5	122036	122036
97673	1	125026	125026
97517	3	9700	9399
97518	1	14	9100
97519	3	9700	9399
97520	2	1009	9199
96170	3	9003	9300
96171	3	9003	9300
96172	3	9003	9300
96180	3	9001	9300
96181	3	9002	9002
98010	3	9043	9100
99000	3	9900	9901
99001	3	99001	9901
8323	1	84	0
8324	1	84	9303
99166	1	14	0
99167	1	14	0
99206	2	9038	9304
99170	3	88	9199
99171	3	88	9199
99172	1	9078	9199
99173	1	9078	9199
99174	3	88	9199
99175	1	9002	9002
99176	2	9306	9199
99177	2	9305	9399
99178	1	9705	0
99179	1	9705	0
99180	1	9078	9199
99182	1	9705	0
99183	1	9705	0
99184	1	9705	0
99185	1	9705	0
99186	1	9705	0
99187	1	9705	0
99188	1	9705	0
99189	1	9705	0
99190	1	9705	0
99193	1	10	0
99204	1	9705	0
99205	1	9705	0
93490	1	9349	9349
93491	1	9349	9349
93492	1	9349	9349
93570	2	0	0
99127	1	9705	0
99128	1	9705	0
99129	1	9705	0
93701	2	9370	9199
93702	2	9370	9299
93703	2	9370	9399
93741	2	9374	9199
93742	2	9374	9299
93743	2	9374	9399
93721	1	9372	9199
93722	1	9372	9299
93723	1	9372	9399
93771	1	9377	9199
93772	1	9377	9299
93773	1	9377	9399
93781	2	9378	9199
93782	2	9378	9299
93783	2	9378	9399
90051	1	9379	9199
90052	1	9379	9299
90053	1	9379	9399
90981	1	9098	9399
93176	2	9317	9398
90061	1	8510	0
90062	1	8510	0
90063	1	8510	0
90081	3	9098	0
90082	3	9098	0
90083	3	9098	0
90311	2	2	1
90312	2	2	1
90313	2	2	1
90321	1	9098	9399
90322	1	9098	9399
90323	1	9098	9399
90271	3	2	0
90272	3	2	0
90273	3	2	0
91061	1	9379	9199
91062	1	9379	9299
91063	1	9379	9399
91071	1	9379	9199
91072	1	9379	9299
91073	1	9379	9399
91081	1	4205	9199
91082	1	4205	9299
91083	1	4205	9399
91041	2	9380	9199
91042	2	9380	9299
91043	2	9380	9399
91051	2	9104	0
91052	2	9104	0
91053	2	9104	0
102501	2	124031	124031
111801	3	7001	9410
851101	3	7001	9410
106201	3	7001	9410
105401	3	7001	9410
105402	3	7001	9410
103301	3	7001	9410
102101	3	7001	9410
100201	3	7001	9410
100101	3	7001	9410
100301	3	7001	9410
103201	3	7001	9410
101101	3	7001	9410
101301	3	7001	9410
103001	3	7001	9410
500601	3	7001	9410
113801	3	7001	9410
935501	3	7001	9410
935601	3	7001	9410
879001	3	7001	9410
876901	3	7001	9410
102502	3	7001	9410
917201	3	7001	9410
933731	3	7001	9410
931821	3	7001	9410
917101	3	7001	9410
908901	3	7001	9410
931921	3	7001	9410
112501	3	7001	9410
106202	3	7001	9410
102102	3	7001	9410
100302	3	7001	9410
105201	3	7001	9410
921101	3	7001	9410
931621	3	7001	9410
976411	3	7001	9410
976413	3	7001	9410
976414	3	7001	9410
101001	3	7001	9410
126501	3	7001	9410
910621	3	7001	9410
910721	3	7001	9410
110801	3	7001	9410
106401	3	7001	9410
933031	3	7001	9410
903831	3	7001	9410
405802	3	7001	9410
405902	3	7001	9410
405903	3	7001	9410
405904	3	7001	9410
405905	3	7001	9410
910301	3	9003	9200
901401	3	7001	9410
80601	3	7001	9410
937231	3	7001	9410
104101	3	8063011	9410
104102	3	8063011	9410
104103	3	8063011	9410
114101	3	8063011	9410
114102	3	8063011	9410
102701	3	8063011	9410
806301	3	8063011	9410
806302	3	8063011	9410
104001	3	8063011	9410
423701	3	8063011	9410
501501	3	8063011	9410
501701	3	8063011	9410
936511	3	8063011	9410
807301	3	8063011	9410
976421	3	8063011	9410
976423	3	8063011	9410
976424	3	8063011	9410
808101	3	7001	9410
808201	3	7001	9410
104901	3	7001	9410
900300	3	90030	90024
900900	3	90090	90025
901000	3	9010	9300
901100	3	9011	9302
901200	3	9012	9300
901300	3	90130	90023
901400	3	9014	9300
901500	3	90150	90026
901600	3	9016	9300
901700	3	9017	9300
901800	3	90180	90026
901900	3	90190	90023
902000	3	9014	9300
902100	3	90210	90019
902200	2	90220	90020
902300	3	9021	9300
902500	2	90250	90024
902600	3	90260	90021
903300	2	90330	90018
903400	2	90370	90022
903500	2	9035	9303
903600	2	90360	90022
903700	3	90370	90021
903800	2	9038	9304
903830	2	9038	9304
903900	2	9039	9300
904000	2	9040	9303
904100	2	9041	9304
904200	2	9042	9304
904300	3	9043	9303
904400	3	90440	90017
904500	2	90450	90015
904600	2	9046	9303
904700	3	9015	9300
904800	3	9016	9300
904900	3	9010	9300
905000	1	9050	9303
906000	1	9060	9306
906100	1	9061	9306
906200	1	90620	90025
906300	1	9063	9305
906400	1	90640	90020
906500	1	90650	90019
906600	1	9066	9066
906700	1	9067	9067
906800	1	9068	9068
906900	1	9069	9307
907000	1	90700	90016
907100	1	9071	9300
907200	1	9072	9300
907300	1	9073	9300
907400	1	9074	9305
907500	1	9075	9300
907600	1	9076	9305
907700	1	9077	9305
907800	1	9078	9305
907900	1	9079	9305
908000	1	9080	9080
908100	1	9081	9305
908200	1	9080	9305
8110000	1	8110	8110
8111000	1	8120	8120
8120900	1	821500	90011
8130000	1	831000	90012
8140000	1	8140	8140
8140100	1	8141	8141
8141000	1	8141	8141
8142000	2	8142	8142
8150000	1	8150	8150
8150100	1	8801	60001
8150900	1	8801	60001
8151000	1	8152	8152
8160900	1	8808	60002
8160000	1	8160	8160
8161000	1	8161	8161
8170000	1	8170	8170
8170100	1	8172	8171
8170900	1	8809	60001
8171000	1	8170	8170
8180000	1	8180	8180
8180900	1	8802	60002
8181000	1	8181	8181
8190000	1	8190	8190
8190900	1	8810	60003
8191000	1	8191	8191
8210000	2	88	8210
2010000	2	8210	8210
2011000	2	8210	8210
8213000	2	8213	8215
8214000	2	8214	8214
8215000	2	973500	90013
8215100	2	973500	90013
8216000	1	973500	90013
8310000	1	813000	90014
8311000	1	8311	8311
8320000	3	8320	8320
8322000	3	8330	8330
8322900	3	8812	60003
8323000	3	8331	8331
8311100	1	8311	8311
8310200	1	8310	8310
8701000	2	8701	8701
8702000	2	8701	8701
8703000	2	8701	8703
8705000	2	8701	8701
8731000	2	8731	8731
8731100	2	87311	87311
8732000	2	8731	8731
8733000	3	8731	8733
8736000	1	8736	8736
8737000	2	8737	8736
8738000	1	8736	8736
8739000	2	8737	1
8740000	2	8737	1
8741000	2	8737	8741
8742000	2	8742	8742
8743000	2	8737	1
8744000	2	8744	99
8750000	1	8750	8750
8751000	2	8751	8751
8752000	2	8752	8752
8753000	2	8753	8753
8340000	1	8340	8340
8350000	3	8350	8350
8352000	3	8352	8352
8352100	3	83521	83521
8352900	3	8813	60003
8353000	3	8353	8353
8360000	2	83600	83600
8360100	2	83601	83601
8360200	2	83600	83600
8360300	1	8170	8170
8360900	2	8814	60003
8361000	2	83602	83602
8380000	3	8380	8380
8380100	3	8806	60004
8380200	3	8806	8354
8380300	3	8806	8352
8380400	3	8380	8381
8380900	3	8381	60001
8390000	2	8390	8390
8390100	1	8390	8390
8400100	1	8390	9300
8400200	1	8390	9300
10210076	1	102076	102076
14010036	5	140036	140036
10710056	8	107056	107056
